Eingegangen am;Mangel Nr.;Typ;Status
24.01.2018 18:19:19;81;Defekte Straßenbeleuchtung;Behoben
25.01.2018 13:51:03;82;Parkverstöße;Behoben
26.01.2018 12:33:47;83;Defekte Straßenbeleuchtung;Behoben
26.01.2018 19:16:28;84;Parkverstöße;Behoben
28.01.2018 13:22:46;85;Defekte Straßenbeleuchtung;Behoben
29.01.2018 15:22:42;86;Parkverstöße;Behoben
29.01.2018 15:25:36;87;Straßenschäden;Behoben
30.01.2018 11:31:20;88;Parkverstöße;Behoben
30.01.2018 13:59:31;89;Parkverstöße;Behoben
31.01.2018 11:36:24;90;Parkverstöße;Behoben
01.02.2018 20:48:56;91;Defekte Straßenbeleuchtung;Behoben
01.02.2018 20:51:46;92;Defekte Straßenbeleuchtung;Behoben
06.02.2018 20:09:32;93;Defekte Straßenbeleuchtung;Behoben
07.02.2018 11:49:02;94;Abgestellte Autos ohne Kennzeichen;Behoben
09.02.2018 11:14:04;95;Probleme mit Tieren (zum Beispiel Wespen, Hornissen, Hunde);Behoben
10.02.2018 08:29:28;96;Illegale Müllablagerung, Ansammlung von Unrat;Behoben
10.02.2018 16:47:29;97;Sonstige Mängel;Behoben
10.02.2018 17:07:12;98;Abgestellte Autos ohne Kennzeichen;In Bearbeitung
11.02.2018 04:13:51;99;Straßenschäden;Behoben
11.02.2018 10:33:31;100;Straßenschäden;Behoben
12.02.2018 10:39:13;101;Illegale Müllablagerung, Ansammlung von Unrat;Abgelehnt
12.02.2018 16:29:08;102;Illegale Müllablagerung, Ansammlung von Unrat;Behoben
12.02.2018 17:17:58;103;Mülltonnen nicht geleert oder verschwunden;Behoben
14.02.2018 08:32:53;104;Illegale Müllablagerung, Ansammlung von Unrat;Behoben
14.02.2018 08:38:16;105;Illegale Müllablagerung, Ansammlung von Unrat;Abgelehnt
14.02.2018 16:33:12;106;Sonstige Mängel;Behoben
14.02.2018 23:57:20;107;Straßen- und Gehwegverunreinigung;Abgelehnt
15.02.2018 10:58:22;108;Mülltonnen nicht geleert oder verschwunden;Behoben
15.02.2018 17:14:12;109;Defekte Ampelanlagen oder Verkehrsschilder;Behoben
15.02.2018 17:45:44;110;Probleme mit Tieren (zum Beispiel Wespen, Hornissen, Hunde);Behoben
16.02.2018 07:53:29;111;Illegale Müllablagerung, Ansammlung von Unrat;Behoben
16.02.2018 10:52:16;112;Illegale Müllablagerung, Ansammlung von Unrat;Behoben
16.02.2018 10:55:09;113;Sonstige Mängel;Behoben
16.02.2018 17:04:12;114;Parkverstöße;Behoben
16.02.2018 19:04:31;115;Defekte Straßenbeleuchtung;Behoben
16.02.2018 19:16:47;116;Defekte Straßenbeleuchtung;Behoben
16.02.2018 22:42:00;117;Defekte Straßenbeleuchtung;Behoben
17.02.2018 12:52:58;118;Defekte Ampelanlagen oder Verkehrsschilder;Abgelehnt
18.02.2018 13:18:04;119;Illegale Müllablagerung, Ansammlung von Unrat;Behoben
19.02.2018 13:36:27;120;Straßenschäden;Abgelehnt
20.02.2018 15:15:19;121;Sonstige Mängel;Behoben
21.02.2018 07:07:35;122;Straßenschäden;Behoben
21.02.2018 09:25:21;123;Abgestellte Autos ohne Kennzeichen;In Bearbeitung
21.02.2018 16:17:07;124;Defekte Straßenbeleuchtung;Abgelehnt
22.02.2018 09:32:25;125;Defekte Ampelanlagen oder Verkehrsschilder;Behoben
22.02.2018 13:00:03;126;Parkverstöße;Behoben
23.02.2018 09:30:01;127;Parkverstöße;Behoben
23.02.2018 15:27:24;128;Illegale Müllablagerung, Ansammlung von Unrat;Behoben
23.02.2018 15:31:06;129;Straßen- und Gehwegverunreinigung;Behoben
24.02.2018 12:24:16;130;Illegale Müllablagerung, Ansammlung von Unrat;Behoben
24.02.2018 12:41:43;131;Mülltonnen nicht geleert oder verschwunden;Behoben
26.02.2018 10:02:23;132;Sonstige Mängel;Behoben
26.02.2018 18:52:37;133;Parkverstöße;Behoben
26.02.2018 18:56:10;134;Abgestellte Autos ohne Kennzeichen;In Bearbeitung
26.02.2018 19:31:15;135;Defekte Straßenbeleuchtung;Behoben
27.02.2018 06:05:17;136;Defekte Straßenbeleuchtung;Behoben
27.02.2018 10:52:19;137;Straßen- und Gehwegverunreinigung;Abgelehnt
27.02.2018 12:32:30;138;Illegale Müllablagerung, Ansammlung von Unrat;Behoben
27.02.2018 13:24:29;139;Defekte Straßenbeleuchtung;Behoben
27.02.2018 13:57:02;140;Illegale Müllablagerung, Ansammlung von Unrat;Behoben
27.02.2018 15:23:16;141;Parkverstöße;Behoben
27.02.2018 16:06:49;142;Parkverstöße;Behoben
28.02.2018 08:49:45;143;Defekte Ampelanlagen oder Verkehrsschilder;Behoben
28.02.2018 09:53:28;144;Mülltonnen nicht geleert oder verschwunden;Behoben
01.03.2018 06:45:36;145;Mülltonnen nicht geleert oder verschwunden;Behoben
01.03.2018 17:22:03;146;Parkverstöße;Behoben
01.03.2018 18:34:17;147;Mülltonnen nicht geleert oder verschwunden;Behoben
01.03.2018 19:27:06;148;Parkverstöße;Behoben
01.03.2018 19:47:24;149;Mülltonnen nicht geleert oder verschwunden;Behoben
01.03.2018 21:32:22;150;Parkverstöße;Behoben
01.03.2018 23:04:20;151;Defekte Straßenbeleuchtung;Behoben
02.03.2018 07:30:05;152;Mülltonnen nicht geleert oder verschwunden;Behoben
02.03.2018 10:25:05;153;Mülltonnen nicht geleert oder verschwunden;Behoben
02.03.2018 12:44:15;154;Abgestellte Autos ohne Kennzeichen;In Bearbeitung
02.03.2018 14:14:46;155;Straßenschäden;Behoben
02.03.2018 16:19:57;156;Parkverstöße;Behoben
02.03.2018 17:38:58;157;Mülltonnen nicht geleert oder verschwunden;Behoben
02.03.2018 20:29:02;158;Defekte Straßenbeleuchtung;Behoben
03.03.2018 12:25:31;159;Mülltonnen nicht geleert oder verschwunden;Behoben
03.03.2018 20:04:49;160;Abgestellte Autos ohne Kennzeichen;In Bearbeitung
04.03.2018 09:32:46;161;Defekte Straßenbeleuchtung;Behoben
04.03.2018 12:50:08;162;Mülltonnen nicht geleert oder verschwunden;Behoben
05.03.2018 08:33:54;163;Parkverstöße;Behoben
05.03.2018 13:26:25;164;Illegale Müllablagerung, Ansammlung von Unrat;Behoben
05.03.2018 15:00:59;165;Sonstige Mängel;Behoben
05.03.2018 18:13:57;166;Illegale Müllablagerung, Ansammlung von Unrat;In Bearbeitung
06.03.2018 07:57:19;167;Abgestellte Autos ohne Kennzeichen;In Bearbeitung
06.03.2018 12:00:37;168;Straßenschäden;Behoben
07.03.2018 11:52:51;169;Abgestellte Autos ohne Kennzeichen;Behoben
07.03.2018 16:00:59;170;Parkverstöße;Behoben
08.03.2018 10:47:23;171;Defekte Straßenbeleuchtung;Behoben
08.03.2018 19:00:48;172;Straßenschäden;Abgelehnt
09.03.2018 08:25:28;173;Illegale Müllablagerung, Ansammlung von Unrat;Behoben
09.03.2018 16:00:02;174;Parkverstöße;Behoben
09.03.2018 22:05:27;175;Defekte Straßenbeleuchtung;Behoben
10.03.2018 11:08:54;176;Sonstige Mängel;Behoben
10.03.2018 11:18:57;177;Parkverstöße;Behoben
10.03.2018 11:54:49;178;Parkverstöße;Behoben
11.03.2018 17:50:07;179;Defekte Straßenbeleuchtung;Behoben
12.03.2018 10:11:00;180;Defekte Straßenbeleuchtung;Behoben
12.03.2018 14:04:37;181;Defekte Ampelanlagen oder Verkehrsschilder;Behoben
12.03.2018 16:41:03;182;Parkverstöße;Behoben
12.03.2018 17:18:08;183;Straßenschäden;Behoben
15.03.2018 05:49:31;184;Defekte Straßenbeleuchtung;Behoben
15.03.2018 20:03:37;185;Defekte Straßenbeleuchtung;Behoben
16.03.2018 09:21:18;186;Abgestellte Autos ohne Kennzeichen;Behoben
17.03.2018 14:38:15;187;Straßen- und Gehwegverunreinigung;Behoben
19.03.2018 08:39:54;188;Parkverstöße;Behoben
19.03.2018 13:15:11;189;Defekte Ampelanlagen oder Verkehrsschilder;Behoben
19.03.2018 18:50:23;190;Parkverstöße;Behoben
20.03.2018 21:16:59;191;Sonstige Mängel;In Bearbeitung
21.03.2018 08:45:24;192;Gehweg nicht von Schnee und Eis befreit;Abgelehnt
22.03.2018 10:22:49;193;Parkverstöße;Behoben
23.03.2018 09:34:57;194;Störungen in Grünanlagen und Landschaftsschutzgebieten;Behoben
23.03.2018 09:36:58;195;Probleme mit Tieren (zum Beispiel Wespen, Hornissen, Hunde);Behoben
23.03.2018 11:00:39;196;Parkverstöße;Behoben
23.03.2018 13:20:56;197;Defekte Ampelanlagen oder Verkehrsschilder;Behoben
23.03.2018 18:40:33;198;Sonstige Mängel;Behoben
24.03.2018 13:51:44;199;Störungen in Grünanlagen und Landschaftsschutzgebieten;Abgelehnt
25.03.2018 21:05:55;200;Abgestellte Autos ohne Kennzeichen;Behoben
25.03.2018 21:31:12;201;Illegale Müllablagerung, Ansammlung von Unrat;Abgelehnt
26.03.2018 18:26:29;202;Parkverstöße;Behoben
26.03.2018 19:12:20;203;Mülltonnen nicht geleert oder verschwunden;Behoben
27.03.2018 09:03:37;204;Parkverstöße;Behoben
27.03.2018 11:26:18;205;Parkverstöße;Behoben
27.03.2018 14:48:19;206;Probleme mit Tieren (zum Beispiel Wespen, Hornissen, Hunde);Behoben
27.03.2018 14:51:07;207;Probleme mit Tieren (zum Beispiel Wespen, Hornissen, Hunde);Behoben
27.03.2018 19:21:39;208;Parkverstöße;Behoben
27.03.2018 19:26:07;209;Parkverstöße;Behoben
27.03.2018 19:30:00;210;Parkverstöße;Behoben
28.03.2018 10:31:22;211;Sonstige Mängel;Behoben
29.03.2018 15:51:28;212;Sonstige Mängel;Behoben
29.03.2018 16:18:53;213;Sonstige Mängel;In Bearbeitung
29.03.2018 18:18:57;214;Störungen in Grünanlagen und Landschaftsschutzgebieten;Behoben
30.03.2018 22:25:00;215;Probleme mit Tieren (zum Beispiel Wespen, Hornissen, Hunde);Behoben
01.04.2018 14:24:35;216;Mülltonnen nicht geleert oder verschwunden;Behoben
02.04.2018 09:32:39;217;Sonstige Mängel;Behoben
02.04.2018 10:06:08;218;Probleme mit Tieren (zum Beispiel Wespen, Hornissen, Hunde);Behoben
02.04.2018 13:09:49;219;Defekte Straßenbeleuchtung;Behoben
02.04.2018 19:37:46;220;Parkverstöße;Behoben
02.04.2018 20:10:07;221;Mülltonnen nicht geleert oder verschwunden;Behoben
03.04.2018 11:07:29;222;Illegale Müllablagerung, Ansammlung von Unrat;Behoben
03.04.2018 11:08:53;223;Illegale Müllablagerung, Ansammlung von Unrat;Abgelehnt
03.04.2018 11:09:58;224;Illegale Müllablagerung, Ansammlung von Unrat;Abgelehnt
03.04.2018 16:03:37;225;Illegale Müllablagerung, Ansammlung von Unrat;Behoben
03.04.2018 17:15:18;226;Illegale Müllablagerung, Ansammlung von Unrat;Behoben
03.04.2018 17:38:55;227;Mülltonnen nicht geleert oder verschwunden;Behoben
03.04.2018 18:44:37;228;Parkverstöße;Behoben
03.04.2018 20:33:42;229;Illegale Müllablagerung, Ansammlung von Unrat;Behoben
05.04.2018 20:26:44;230;Straßen- und Gehwegverunreinigung;Behoben
06.04.2018 07:25:14;231;Parkverstöße;Behoben
06.04.2018 09:03:26;232;Parkverstöße;Behoben
06.04.2018 17:28:01;233;Illegale Müllablagerung, Ansammlung von Unrat;Behoben
07.04.2018 17:13:26;234;Illegale Müllablagerung, Ansammlung von Unrat;Behoben
07.04.2018 23:02:49;235;Abgestellte Autos ohne Kennzeichen;Abgelehnt
08.04.2018 14:44:19;236;Sonstige Mängel;Behoben
08.04.2018 14:58:06;237;Straßenschäden;Abgelehnt
08.04.2018 17:29:59;238;Parkverstöße;Behoben
09.04.2018 18:36:03;239;Illegale Müllablagerung, Ansammlung von Unrat;Behoben
10.04.2018 09:13:32;240;Parkverstöße;Behoben
10.04.2018 10:45:20;241;Straßenschäden;Behoben
10.04.2018 21:50:25;242;Defekte Straßenbeleuchtung;Behoben
11.04.2018 08:13:18;243;Sonstige Mängel;Behoben
11.04.2018 19:55:55;244;Probleme mit Tieren (zum Beispiel Wespen, Hornissen, Hunde);Behoben
12.04.2018 07:48:37;245;Illegale Müllablagerung, Ansammlung von Unrat;Behoben
12.04.2018 14:16:11;246;Parkverstöße;Behoben
12.04.2018 14:27:47;247;Parkverstöße;Behoben
12.04.2018 14:31:57;248;Parkverstöße;Behoben
12.04.2018 23:22:34;249;Defekte Straßenbeleuchtung;Behoben
13.04.2018 09:18:46;250;Probleme mit Tieren (zum Beispiel Wespen, Hornissen, Hunde);Behoben
13.04.2018 19:22:45;251;Illegale Müllablagerung, Ansammlung von Unrat;Behoben
13.04.2018 21:09:46;252;Defekte Straßenbeleuchtung;Behoben
14.04.2018 08:22:13;253;Parkverstöße;Behoben
14.04.2018 10:32:43;254;Defekte Straßenbeleuchtung;Abgelehnt
14.04.2018 12:11:52;255;Illegale Müllablagerung, Ansammlung von Unrat;Behoben
14.04.2018 15:29:50;256;Sonstige Mängel;Behoben
15.04.2018 11:37:09;257;Sonstige Mängel;Behoben
15.04.2018 11:41:43;258;Illegale Müllablagerung, Ansammlung von Unrat;Behoben
16.04.2018 09:28:37;259;Defekte Ampelanlagen oder Verkehrsschilder;Behoben
16.04.2018 09:51:39;260;Defekte Straßenbeleuchtung;Behoben
16.04.2018 10:21:04;261;Parkverstöße;Behoben
16.04.2018 14:08:46;262;Parkverstöße;Behoben
16.04.2018 14:37:07;263;Parkverstöße;Behoben
17.04.2018 10:02:40;264;Parkverstöße;Behoben
17.04.2018 10:06:17;265;Sonstige Mängel;Behoben
17.04.2018 14:14:33;266;Illegale Müllablagerung, Ansammlung von Unrat;Behoben
18.04.2018 11:05:54;267;Parkverstöße;Behoben
18.04.2018 13:16:37;268;Defekte Ampelanlagen oder Verkehrsschilder;Behoben
20.04.2018 15:52:15;269;Parkverstöße;Behoben
20.04.2018 17:40:42;270;Sonstige Mängel;Behoben
20.04.2018 18:09:08;271;Störungen in Grünanlagen und Landschaftsschutzgebieten;Behoben
23.04.2018 06:13:36;272;Störungen in Grünanlagen und Landschaftsschutzgebieten;Abgelehnt
23.04.2018 10:48:20;273;Parkverstöße;Behoben
23.04.2018 10:55:42;274;Parkverstöße;Behoben
24.04.2018 14:33:04;275;Parkverstöße;Behoben
24.04.2018 20:41:34;276;Parkverstöße;Behoben
25.04.2018 10:21:55;277;Defekte Ampelanlagen oder Verkehrsschilder;Behoben
25.04.2018 17:40:56;278;Sonstige Mängel;Behoben
25.04.2018 19:26:12;279;Parkverstöße;Behoben
26.04.2018 12:07:09;280;Illegale Müllablagerung, Ansammlung von Unrat;Behoben
26.04.2018 17:10:19;281;Parkverstöße;Behoben
26.04.2018 21:02:34;282;Defekte Ampelanlagen oder Verkehrsschilder;Behoben
27.04.2018 09:05:25;283;Sonstige Mängel;Abgelehnt
28.04.2018 10:51:26;284;Defekte Ampelanlagen oder Verkehrsschilder;Behoben
29.04.2018 12:27:31;285;Illegale Müllablagerung, Ansammlung von Unrat;Behoben
29.04.2018 14:44:48;286;Illegale Müllablagerung, Ansammlung von Unrat;Behoben
29.04.2018 16:18:15;287;Störungen in Grünanlagen und Landschaftsschutzgebieten;Behoben
29.04.2018 19:25:39;288;Defekte Straßenbeleuchtung;Behoben
30.04.2018 09:47:11;289;Illegale Müllablagerung, Ansammlung von Unrat;Behoben
30.04.2018 13:15:35;290;Parkverstöße;Behoben
30.04.2018 13:38:18;291;Parkverstöße;Behoben
01.05.2018 10:02:21;292;Sonstige Mängel;Abgelehnt
01.05.2018 15:08:36;293;Illegale Müllablagerung, Ansammlung von Unrat;Behoben
01.05.2018 15:46:12;294;Defekte Ampelanlagen oder Verkehrsschilder;Behoben
02.05.2018 07:25:49;295;Sonstige Mängel;Abgelehnt
03.05.2018 12:20:30;296;Sonstige Mängel;Behoben
03.05.2018 12:22:37;297;Illegale Müllablagerung, Ansammlung von Unrat;Behoben
03.05.2018 13:20:18;298;Defekte Ampelanlagen oder Verkehrsschilder;Behoben
03.05.2018 15:35:17;299;Sonstige Mängel;Behoben
05.05.2018 17:28:26;300;Straßenschäden;Behoben
05.05.2018 17:28:56;301;Straßenschäden;Abgelehnt
08.05.2018 22:34:09;302;Defekte Straßenbeleuchtung;Behoben
09.05.2018 20:29:16;303;Sonstige Mängel;Behoben
09.05.2018 22:32:26;304;Defekte Straßenbeleuchtung;Behoben
11.05.2018 08:26:53;305;Straßenschäden;Abgelehnt
11.05.2018 22:20:26;306;Defekte Ampelanlagen oder Verkehrsschilder;Behoben
12.05.2018 20:05:58;307;Parkverstöße;Behoben
12.05.2018 20:11:52;308;Parkverstöße;Behoben
13.05.2018 17:17:12;309;Defekte Straßenbeleuchtung;Behoben
13.05.2018 17:31:56;310;Illegale Müllablagerung, Ansammlung von Unrat;Behoben
13.05.2018 22:44:08;311;Mülltonnen nicht geleert oder verschwunden;Abgelehnt
14.05.2018 11:35:00;312;Parkverstöße;Behoben
14.05.2018 11:55:27;313;Parkverstöße;Behoben
14.05.2018 12:13:34;314;Illegale Müllablagerung, Ansammlung von Unrat;Behoben
14.05.2018 12:52:47;315;Sonstige Mängel;Behoben
14.05.2018 13:31:07;316;Illegale Müllablagerung, Ansammlung von Unrat;Behoben
14.05.2018 16:38:46;317;Illegale Müllablagerung, Ansammlung von Unrat;Behoben
15.05.2018 06:09:43;318;Defekte Ampelanlagen oder Verkehrsschilder;Behoben
15.05.2018 08:54:01;319;Illegale Müllablagerung, Ansammlung von Unrat;Behoben
15.05.2018 08:54:24;320;Straßen- und Gehwegverunreinigung;Abgelehnt
15.05.2018 11:23:22;321;Abgestellte Autos ohne Kennzeichen;Behoben
15.05.2018 11:30:41;322;Parkverstöße;Behoben
15.05.2018 12:55:30;323;Parkverstöße;Abgelehnt
16.05.2018 16:26:32;324;Parkverstöße;Behoben
16.05.2018 17:17:49;325;Sonstige Mängel;Behoben
17.05.2018 18:52:58;326;Sonstige Mängel;Behoben
18.05.2018 11:12:55;327;Parkverstöße;Behoben
18.05.2018 11:14:27;328;Parkverstöße;Behoben
18.05.2018 11:17:55;329;Parkverstöße;Behoben
18.05.2018 11:19:59;330;Parkverstöße;Behoben
21.05.2018 14:02:40;331;Sonstige Mängel;Abgelehnt
21.05.2018 14:09:32;332;Sonstige Mängel;Behoben
22.05.2018 15:26:52;333;Sonstige Mängel;Behoben
22.05.2018 21:46:01;334;Sonstige Mängel;Behoben
24.05.2018 08:26:06;335;Parkverstöße;Behoben
24.05.2018 16:03:01;336;Sonstige Mängel;Behoben
24.05.2018 16:44:20;337;Illegale Müllablagerung, Ansammlung von Unrat;Behoben
24.05.2018 18:02:56;338;Defekte Ampelanlagen oder Verkehrsschilder;Abgelehnt
25.05.2018 13:58:06;339;Parkverstöße;Behoben
26.05.2018 12:38:12;340;Illegale Müllablagerung, Ansammlung von Unrat;Behoben
27.05.2018 11:39:08;341;Sonstige Mängel;Behoben
27.05.2018 11:50:42;342;Parkverstöße;Behoben
27.05.2018 14:15:13;343;Abgestellte Autos ohne Kennzeichen;Behoben
27.05.2018 14:48:54;344;Sonstige Mängel;Behoben
28.05.2018 14:22:17;345;Illegale Müllablagerung, Ansammlung von Unrat;Behoben
28.05.2018 16:29:49;346;Illegale Müllablagerung, Ansammlung von Unrat;Behoben
29.05.2018 06:29:50;347;Abgestellte Autos ohne Kennzeichen;Behoben
29.05.2018 20:55:50;348;Defekte Ampelanlagen oder Verkehrsschilder;Behoben
30.05.2018 07:37:40;349;Illegale Müllablagerung, Ansammlung von Unrat;Behoben
30.05.2018 10:01:36;350;Parkverstöße;Behoben
02.06.2018 09:31:35;351;Sonstige Mängel;Behoben
02.06.2018 11:53:33;352;Abgestellte Autos ohne Kennzeichen;Behoben
02.06.2018 17:56:51;353;Sonstige Mängel;Behoben
03.06.2018 10:43:50;354;Lärm- oder Geruchsbelästigung;Abgelehnt
03.06.2018 11:37:57;355;Störungen in Grünanlagen und Landschaftsschutzgebieten;Behoben
03.06.2018 12:38:05;356;Parkverstöße;Behoben
03.06.2018 17:34:01;357;Sonstige Mängel;Behoben
04.06.2018 06:05:39;358;Illegale Müllablagerung, Ansammlung von Unrat;Behoben
04.06.2018 12:36:27;359;Sonstige Mängel;Behoben
05.06.2018 07:51:18;360;Sonstige Mängel;Abgelehnt
05.06.2018 11:02:45;361;Abgestellte Autos ohne Kennzeichen;Behoben
06.06.2018 08:31:19;362;Defekte Straßenbeleuchtung;Behoben
06.06.2018 13:08:04;363;Parkverstöße;Behoben
06.06.2018 15:53:04;364;Sonstige Mängel;Behoben
07.06.2018 11:02:36;365;Sonstige Mängel;Abgelehnt
07.06.2018 15:10:24;366;Parkverstöße;Behoben
07.06.2018 16:57:04;367;Parkverstöße;Behoben
07.06.2018 18:54:15;368;Sonstige Mängel;Behoben
07.06.2018 22:12:15;369;Straßenschäden;Abgelehnt
08.06.2018 08:09:37;370;Parkverstöße;Behoben
08.06.2018 13:18:29;371;Defekte Ampelanlagen oder Verkehrsschilder;Behoben
08.06.2018 16:36:28;372;Illegale Müllablagerung, Ansammlung von Unrat;Behoben
08.06.2018 18:14:47;373;Illegale Müllablagerung, Ansammlung von Unrat;Behoben
09.06.2018 23:54:46;374;Parkverstöße;Behoben
10.06.2018 11:11:51;375;Sonstige Mängel;Behoben
10.06.2018 11:30:07;376;Parkverstöße;Behoben
10.06.2018 19:28:21;377;Defekte Ampelanlagen oder Verkehrsschilder;Abgelehnt
11.06.2018 10:26:00;378;Parkverstöße;Behoben
11.06.2018 21:41:50;379;Defekte Straßenbeleuchtung;Behoben
12.06.2018 09:19:29;380;Sonstige Mängel;In Bearbeitung
12.06.2018 14:50:39;381;Defekte Ampelanlagen oder Verkehrsschilder;Behoben
13.06.2018 15:05:34;382;Illegale Müllablagerung, Ansammlung von Unrat;Behoben
13.06.2018 17:12:14;383;Illegale Müllablagerung, Ansammlung von Unrat;Behoben
14.06.2018 09:03:35;384;Sonstige Mängel;Behoben
14.06.2018 21:28:19;385;Parkverstöße;Behoben
15.06.2018 10:50:23;386;Sonstige Mängel;Behoben
17.06.2018 21:03:53;387;Straßen- und Gehwegverunreinigung;Behoben
18.06.2018 15:15:05;388;Parkverstöße;Behoben
18.06.2018 16:49:53;389;Abgestellte Autos ohne Kennzeichen;Behoben
18.06.2018 20:06:16;390;Parkverstöße;Behoben
18.06.2018 21:20:29;391;Parkverstöße;Behoben
18.06.2018 21:32:36;392;Defekte Ampelanlagen oder Verkehrsschilder;Behoben
19.06.2018 17:25:12;393;Parkverstöße;Behoben
19.06.2018 20:47:47;394;Lärm- oder Geruchsbelästigung;Abgelehnt
20.06.2018 10:31:45;395;Parkverstöße;Behoben
20.06.2018 11:47:00;396;Parkverstöße;Behoben
20.06.2018 13:35:14;397;Straßenschäden;Abgelehnt
22.06.2018 09:03:18;398;Sonstige Mängel;Behoben
22.06.2018 12:01:02;399;Straßenschäden;Behoben
22.06.2018 18:55:21;400;Sonstige Mängel;In Bearbeitung
23.06.2018 18:54:55;401;Sonstige Mängel;Behoben
25.06.2018 10:37:37;402;Defekte Ampelanlagen oder Verkehrsschilder;In Bearbeitung
25.06.2018 10:54:15;403;Defekte Ampelanlagen oder Verkehrsschilder;In Bearbeitung
25.06.2018 13:07:33;404;Defekte Ampelanlagen oder Verkehrsschilder;Behoben
25.06.2018 15:49:01;405;Defekte Ampelanlagen oder Verkehrsschilder;Behoben
25.06.2018 17:43:36;406;Straßenschäden;In Bearbeitung
27.06.2018 11:37:22;407;Sonstige Mängel;Behoben
27.06.2018 11:38:18;408;Sonstige Mängel;Behoben
27.06.2018 15:06:08;409;Straßen- und Gehwegverunreinigung;In Bearbeitung
27.06.2018 19:15:57;410;Parkverstöße;Behoben
28.06.2018 16:31:21;411;Parkverstöße;Behoben
28.06.2018 22:33:08;412;Lärm- oder Geruchsbelästigung;In Bearbeitung
29.06.2018 12:53:22;413;Parkverstöße;Behoben
29.06.2018 12:55:08;414;Parkverstöße;Behoben
29.06.2018 14:57:56;415;Sonstige Mängel;In Bearbeitung
29.06.2018 15:12:36;416;Parkverstöße;Behoben
30.06.2018 11:26:08;417;Defekte Ampelanlagen oder Verkehrsschilder;Behoben
30.06.2018 21:39:43;418;Straßenschäden;Behoben
01.07.2018 06:17:00;419;Parkverstöße;Behoben
01.07.2018 15:33:38;420;Sonstige Mängel;Behoben
02.07.2018 09:53:54;421;Illegale Müllablagerung, Ansammlung von Unrat;Behoben
02.07.2018 11:11:42;422;Illegale Müllablagerung, Ansammlung von Unrat;Behoben
02.07.2018 16:49:14;423;Illegale Müllablagerung, Ansammlung von Unrat;Behoben
02.07.2018 17:32:48;424;Sonstige Mängel;Abgelehnt
02.07.2018 20:03:19;425;Defekte Straßenbeleuchtung;Behoben
04.07.2018 00:58:37;426;Parkverstöße;Behoben
04.07.2018 01:05:27;427;Parkverstöße;Behoben
04.07.2018 01:21:27;428;Abgestellte Autos ohne Kennzeichen;Behoben
04.07.2018 01:25:58;429;Abgestellte Autos ohne Kennzeichen;Behoben
04.07.2018 01:28:54;430;Abgestellte Autos ohne Kennzeichen;Behoben
04.07.2018 01:34:23;431;Parkverstöße;Behoben
04.07.2018 09:43:10;432;Sonstige Mängel;Behoben
04.07.2018 13:40:53;433;Illegale Müllablagerung, Ansammlung von Unrat;Behoben
04.07.2018 13:59:56;434;Parkverstöße;Behoben
04.07.2018 21:17:53;435;Lärm- oder Geruchsbelästigung;In Bearbeitung
05.07.2018 00:43:24;436;Parkverstöße;Behoben
05.07.2018 06:50:53;437;Illegale Müllablagerung, Ansammlung von Unrat;Behoben
05.07.2018 19:30:36;438;Parkverstöße;Behoben
06.07.2018 07:58:53;439;Lärm- oder Geruchsbelästigung;In Bearbeitung
06.07.2018 18:35:43;440;Probleme mit Tieren (zum Beispiel Wespen, Hornissen, Hunde);Behoben
07.07.2018 20:45:34;441;Parkverstöße;Behoben
09.07.2018 21:25:30;442;Abgestellte Autos ohne Kennzeichen;Behoben
09.07.2018 21:27:03;443;Parkverstöße;Behoben
09.07.2018 21:32:38;444;Sonstige Mängel;Behoben
09.07.2018 23:13:07;445;Defekte Straßenbeleuchtung;Behoben
11.07.2018 10:10:03;446;Lärm- oder Geruchsbelästigung;Abgelehnt
11.07.2018 10:12:38;447;Illegale Müllablagerung, Ansammlung von Unrat;Behoben
11.07.2018 15:30:51;448;Parkverstöße;Behoben
11.07.2018 18:11:38;449;Probleme mit Tieren (zum Beispiel Wespen, Hornissen, Hunde);Behoben
12.07.2018 07:47:26;450;Parkverstöße;Behoben
12.07.2018 13:24:25;451;Sonstige Mängel;Behoben
12.07.2018 15:28:48;452;Straßenschäden;Abgelehnt
13.07.2018 05:45:10;453;Parkverstöße;Behoben
13.07.2018 08:11:59;454;Sonstige Mängel;Behoben
14.07.2018 09:45:41;455;Illegale Müllablagerung, Ansammlung von Unrat;Behoben
14.07.2018 21:14:44;456;Sonstige Mängel;Behoben
15.07.2018 12:57:20;457;Illegale Müllablagerung, Ansammlung von Unrat;Behoben
15.07.2018 19:14:44;458;Straßenschäden;Behoben
16.07.2018 16:36:55;459;Sonstige Mängel;In Bearbeitung
16.07.2018 17:19:52;460;Defekte Ampelanlagen oder Verkehrsschilder;Abgelehnt
17.07.2018 15:58:49;461;Parkverstöße;Behoben
18.07.2018 19:52:46;462;Defekte Ampelanlagen oder Verkehrsschilder;Behoben
20.07.2018 07:39:52;463;Mülltonnen nicht geleert oder verschwunden;Behoben
20.07.2018 10:54:37;464;Probleme mit Tieren (zum Beispiel Wespen, Hornissen, Hunde);In Bearbeitung
20.07.2018 20:17:12;465;Abgestellte Autos ohne Kennzeichen;Behoben
20.07.2018 23:31:18;466;Defekte Straßenbeleuchtung;Behoben
20.07.2018 23:32:17;467;Defekte Straßenbeleuchtung;Abgelehnt
21.07.2018 08:10:15;468;Parkverstöße;Behoben
21.07.2018 16:04:21;469;Illegale Müllablagerung, Ansammlung von Unrat;Behoben
21.07.2018 22:06:26;470;Sonstige Mängel;Behoben
22.07.2018 11:03:28;471;Illegale Müllablagerung, Ansammlung von Unrat;Behoben
23.07.2018 12:26:23;472;Illegale Müllablagerung, Ansammlung von Unrat;Abgelehnt
23.07.2018 14:12:18;473;Illegale Müllablagerung, Ansammlung von Unrat;Behoben
23.07.2018 15:55:33;474;Sonstige Mängel;Abgelehnt
23.07.2018 15:56:03;475;Sonstige Mängel;Abgelehnt
23.07.2018 18:54:48;476;Parkverstöße;Behoben
26.07.2018 07:33:18;477;Parkverstöße;Behoben
26.07.2018 11:13:52;478;Defekte Ampelanlagen oder Verkehrsschilder;Behoben
27.07.2018 08:30:21;479;Abgestellte Autos ohne Kennzeichen;Behoben
28.07.2018 04:50:20;480;Lärm- oder Geruchsbelästigung;In Bearbeitung
28.07.2018 12:19:32;481;Parkverstöße;Behoben
29.07.2018 08:28:13;482;Illegale Müllablagerung, Ansammlung von Unrat;Behoben
29.07.2018 09:57:24;483;Sonstige Mängel;Behoben
29.07.2018 11:06:21;484;Sonstige Mängel;Behoben
29.07.2018 15:23:17;485;Illegale Müllablagerung, Ansammlung von Unrat;Behoben
30.07.2018 10:10:58;486;Parkverstöße;Behoben
30.07.2018 22:06:52;487;Sonstige Mängel;Abgelehnt
31.07.2018 07:56:47;488;Parkverstöße;Behoben
31.07.2018 08:00:29;489;Parkverstöße;Behoben
31.07.2018 08:18:22;490;Defekte Ampelanlagen oder Verkehrsschilder;Behoben
31.07.2018 09:19:34;491;Sonstige Mängel;Behoben
31.07.2018 09:33:14;492;Illegale Müllablagerung, Ansammlung von Unrat;Behoben
31.07.2018 10:06:22;493;Straßen- und Gehwegverunreinigung;In Bearbeitung
31.07.2018 18:17:18;494;Sonstige Mängel;In Bearbeitung
31.07.2018 18:48:13;495;Straßen- und Gehwegverunreinigung;Behoben
01.08.2018 07:55:23;496;Defekte Ampelanlagen oder Verkehrsschilder;Behoben
01.08.2018 10:16:40;497;Illegale Müllablagerung, Ansammlung von Unrat;Behoben
01.08.2018 14:13:08;498;Parkverstöße;Behoben
01.08.2018 20:44:47;499;Sonstige Mängel;In Bearbeitung
01.08.2018 23:54:41;500;Defekte Straßenbeleuchtung;Behoben
01.08.2018 23:59:57;501;Defekte Straßenbeleuchtung;Behoben
02.08.2018 06:34:46;502;Sonstige Mängel;In Bearbeitung
02.08.2018 08:15:20;503;Illegale Müllablagerung, Ansammlung von Unrat;Behoben
02.08.2018 12:49:57;504;Defekte Straßenbeleuchtung;In Bearbeitung
02.08.2018 15:09:22;505;Straßenschäden;Behoben
02.08.2018 18:03:30;506;Straßen- und Gehwegverunreinigung;Behoben
02.08.2018 23:53:59;507;Defekte Straßenbeleuchtung;Behoben
03.08.2018 15:18:26;508;Sonstige Mängel;Behoben
04.08.2018 09:59:31;509;Straßenschäden;Behoben
04.08.2018 09:59:52;510;Sonstige Mängel;Abgelehnt
04.08.2018 10:18:10;511;Sonstige Mängel;Behoben
04.08.2018 22:58:45;512;Straßenschäden;In Bearbeitung
05.08.2018 09:45:35;513;Parkverstöße;In Bearbeitung
05.08.2018 17:55:47;514;Illegale Müllablagerung, Ansammlung von Unrat;Behoben
05.08.2018 20:15:14;515;Parkverstöße;Behoben
05.08.2018 23:40:41;516;Sonstige Mängel;In Bearbeitung
06.08.2018 07:00:56;517;Sonstige Mängel;In Bearbeitung
06.08.2018 13:34:46;518;Parkverstöße;Behoben
06.08.2018 20:34:23;519;Parkverstöße;Behoben
07.08.2018 10:13:39;520;Sonstige Mängel;Behoben
07.08.2018 13:44:53;521;Illegale Müllablagerung, Ansammlung von Unrat;Behoben
08.08.2018 10:02:38;522;Parkverstöße;Behoben
09.08.2018 07:04:07;523;Illegale Müllablagerung, Ansammlung von Unrat;Behoben
09.08.2018 08:14:15;524;Parkverstöße;Behoben
09.08.2018 08:29:15;525;Defekte Ampelanlagen oder Verkehrsschilder;In Bearbeitung
10.08.2018 12:45:35;526;Lärm- oder Geruchsbelästigung;Behoben
11.08.2018 19:38:43;527;Sonstige Mängel;Behoben
12.08.2018 13:33:53;528;Straßenschäden;In Bearbeitung
12.08.2018 21:13:55;529;Parkverstöße;Behoben
13.08.2018 07:33:04;530;Parkverstöße;Behoben
13.08.2018 18:27:37;531;Mülltonnen nicht geleert oder verschwunden;Behoben
15.08.2018 10:20:19;532;Parkverstöße;Behoben
15.08.2018 10:56:17;533;Parkverstöße;Abgelehnt
15.08.2018 10:57:13;534;Parkverstöße;Behoben
15.08.2018 12:56:17;535;Parkverstöße;Abgelehnt
15.08.2018 12:57:20;536;Parkverstöße;Abgelehnt
15.08.2018 13:08:15;537;Parkverstöße;Abgelehnt
15.08.2018 14:14:36;538;Parkverstöße;Abgelehnt
15.08.2018 14:15:55;539;Parkverstöße;Abgelehnt
15.08.2018 14:45:04;540;Parkverstöße;Abgelehnt
16.08.2018 06:57:35;541;Parkverstöße;Behoben
16.08.2018 08:02:40;542;Parkverstöße;Behoben
16.08.2018 08:04:25;543;Parkverstöße;Behoben
16.08.2018 08:05:51;544;Parkverstöße;Behoben
16.08.2018 10:49:55;545;Parkverstöße;Behoben
16.08.2018 12:48:24;546;Parkverstöße;Abgelehnt
16.08.2018 13:04:21;547;Sonstige Mängel;Abgelehnt
16.08.2018 17:59:47;548;Parkverstöße;Behoben
17.08.2018 21:52:09;549;Sonstige Mängel;Behoben
18.08.2018 11:14:25;550;Straßen- und Gehwegverunreinigung;Behoben
18.08.2018 12:47:59;551;Abgestellte Autos ohne Kennzeichen;In Bearbeitung
18.08.2018 14:55:31;552;Parkverstöße;Behoben
19.08.2018 09:13:58;553;Illegale Müllablagerung, Ansammlung von Unrat;Behoben
19.08.2018 11:18:37;554;Parkverstöße;Behoben
20.08.2018 06:10:44;555;Probleme mit Tieren (zum Beispiel Wespen, Hornissen, Hunde);Behoben
20.08.2018 07:04:12;556;Defekte Ampelanlagen oder Verkehrsschilder;Behoben
20.08.2018 19:51:17;557;Parkverstöße;Behoben
21.08.2018 16:46:55;558;Sonstige Mängel;Behoben
22.08.2018 04:57:42;559;Sonstige Mängel;Behoben
22.08.2018 07:42:11;560;Parkverstöße;Behoben
23.08.2018 11:33:18;561;Sonstige Mängel;Behoben
23.08.2018 12:34:42;562;Parkverstöße;Behoben
23.08.2018 19:56:17;563;Defekte Straßenbeleuchtung;Behoben
24.08.2018 07:39:07;564;Straßenschäden;Behoben
24.08.2018 13:42:15;565;Illegale Müllablagerung, Ansammlung von Unrat;Behoben
25.08.2018 12:33:33;566;Parkverstöße;Behoben
26.08.2018 16:32:16;567;Sonstige Mängel;Behoben
26.08.2018 17:38:10;568;Parkverstöße;Behoben
27.08.2018 04:36:55;569;Sonstige Mängel;Behoben
27.08.2018 07:50:38;570;Sonstige Mängel;Abgelehnt
27.08.2018 09:36:45;571;Illegale Müllablagerung, Ansammlung von Unrat;Behoben
28.08.2018 08:26:51;572;Mülltonnen nicht geleert oder verschwunden;Behoben
28.08.2018 15:56:34;573;Parkverstöße;Behoben
28.08.2018 17:21:30;574;Illegale Müllablagerung, Ansammlung von Unrat;Behoben
28.08.2018 17:24:29;575;Sonstige Mängel;Behoben
28.08.2018 17:31:45;576;Sonstige Mängel;In Bearbeitung
29.08.2018 07:47:13;577;Defekte Ampelanlagen oder Verkehrsschilder;Behoben
29.08.2018 14:20:57;578;Sonstige Mängel;Behoben
29.08.2018 17:13:52;579;Illegale Müllablagerung, Ansammlung von Unrat;Behoben
29.08.2018 22:34:54;580;Illegale Müllablagerung, Ansammlung von Unrat;Behoben
30.08.2018 08:35:29;581;Straßenschäden;Behoben
30.08.2018 17:33:21;582;Illegale Müllablagerung, Ansammlung von Unrat;Behoben
31.08.2018 08:50:15;583;Sonstige Mängel;Abgelehnt
31.08.2018 09:23:30;584;Defekte Ampelanlagen oder Verkehrsschilder;Behoben
01.09.2018 10:50:48;585;Defekte Ampelanlagen oder Verkehrsschilder;Behoben
01.09.2018 11:02:04;586;Parkverstöße;Behoben
01.09.2018 12:09:48;587;Straßenschäden;Behoben
02.09.2018 14:38:25;588;Illegale Müllablagerung, Ansammlung von Unrat;Behoben
03.09.2018 07:30:43;589;Parkverstöße;Behoben
03.09.2018 09:26:23;590;Abgestellte Autos ohne Kennzeichen;Behoben
03.09.2018 20:34:12;591;Sonstige Mängel;Behoben
04.09.2018 07:42:30;592;Straßenschäden;Behoben
05.09.2018 09:57:12;593;Defekte Ampelanlagen oder Verkehrsschilder;In Bearbeitung
06.09.2018 19:54:31;594;Sonstige Mängel;Behoben
07.09.2018 17:50:48;595;Parkverstöße;Behoben
08.09.2018 08:33:38;596;Störungen in Grünanlagen und Landschaftsschutzgebieten;In Bearbeitung
08.09.2018 12:34:39;597;Parkverstöße;Behoben
08.09.2018 16:45:19;598;Parkverstöße;Behoben
08.09.2018 19:01:23;599;Defekte Ampelanlagen oder Verkehrsschilder;Abgelehnt
08.09.2018 21:30:56;600;Defekte Ampelanlagen oder Verkehrsschilder;Behoben
09.09.2018 16:59:39;601;Parkverstöße;Behoben
10.09.2018 13:58:28;602;Defekte Ampelanlagen oder Verkehrsschilder;In Bearbeitung
10.09.2018 23:07:44;603;Straßenschäden;Behoben
10.09.2018 23:08:17;604;Illegale Müllablagerung, Ansammlung von Unrat;Abgelehnt
11.09.2018 08:50:12;605;Parkverstöße;Behoben
11.09.2018 09:02:56;606;Parkverstöße;Behoben
11.09.2018 17:15:47;607;Abgestellte Autos ohne Kennzeichen;Behoben
11.09.2018 17:41:31;608;Straßen- und Gehwegverunreinigung;Behoben
11.09.2018 18:06:34;609;Parkverstöße;Behoben
11.09.2018 22:36:31;610;Defekte Straßenbeleuchtung;Behoben
12.09.2018 16:17:57;611;Illegale Müllablagerung, Ansammlung von Unrat;Behoben
13.09.2018 15:56:29;612;Parkverstöße;Behoben
13.09.2018 23:42:56;613;Sonstige Mängel;Behoben
14.09.2018 13:42:50;614;Sonstige Mängel;Abgelehnt
14.09.2018 13:54:24;615;Parkverstöße;Behoben
14.09.2018 19:53:32;616;Parkverstöße;Behoben
15.09.2018 15:40:52;617;Parkverstöße;Behoben
15.09.2018 16:04:01;618;Parkverstöße;Behoben
15.09.2018 19:19:29;619;Lärm- oder Geruchsbelästigung;In Bearbeitung
16.09.2018 18:08:46;620;Illegale Müllablagerung, Ansammlung von Unrat;Behoben
17.09.2018 10:21:27;621;Straßenschäden;Abgelehnt
17.09.2018 19:08:34;622;Illegale Müllablagerung, Ansammlung von Unrat;Behoben
18.09.2018 15:43:02;623;Defekte Ampelanlagen oder Verkehrsschilder;Behoben
19.09.2018 17:11:51;624;Sonstige Mängel;Behoben
20.09.2018 10:52:18;625;Parkverstöße;Behoben
20.09.2018 11:35:08;626;Parkverstöße;Behoben
20.09.2018 11:46:01;627;Sonstige Mängel;In Bearbeitung
21.09.2018 08:34:25;628;Sonstige Mängel;Behoben
24.09.2018 09:57:03;629;Illegale Müllablagerung, Ansammlung von Unrat;Behoben
24.09.2018 18:38:32;630;Defekte Straßenbeleuchtung;Behoben
25.09.2018 15:59:27;631;Illegale Müllablagerung, Ansammlung von Unrat;Behoben
25.09.2018 18:24:05;632;Parkverstöße;Behoben
26.09.2018 23:08:37;633;Defekte Straßenbeleuchtung;Behoben
27.09.2018 19:06:16;634;Mülltonnen nicht geleert oder verschwunden;Abgelehnt
28.09.2018 11:16:51;635;Illegale Müllablagerung, Ansammlung von Unrat;Behoben
28.09.2018 11:17:39;636;Illegale Müllablagerung, Ansammlung von Unrat;Abgelehnt
29.09.2018 11:52:45;637;Defekte Ampelanlagen oder Verkehrsschilder;Behoben
29.09.2018 11:56:20;638;Defekte Ampelanlagen oder Verkehrsschilder;Behoben
29.09.2018 15:05:48;639;Parkverstöße;Behoben
29.09.2018 15:31:46;640;Sonstige Mängel;Behoben
29.09.2018 23:44:52;641;Defekte Straßenbeleuchtung;Behoben
30.09.2018 15:32:49;642;Sonstige Mängel;Behoben
30.09.2018 16:23:21;643;Parkverstöße;Behoben
02.10.2018 09:41:12;644;Parkverstöße;Behoben
02.10.2018 09:48:45;645;Defekte Ampelanlagen oder Verkehrsschilder;Behoben
02.10.2018 10:05:30;646;Abgestellte Autos ohne Kennzeichen;Behoben
02.10.2018 12:20:53;647;Sonstige Mängel;Behoben
02.10.2018 13:58:34;648;Parkverstöße;Behoben
03.10.2018 15:52:42;649;Parkverstöße;Behoben
03.10.2018 16:17:43;650;Parkverstöße;Behoben
03.10.2018 18:07:27;651;Illegale Müllablagerung, Ansammlung von Unrat;Behoben
03.10.2018 23:40:44;652;Parkverstöße;Behoben
04.10.2018 10:12:18;653;Illegale Müllablagerung, Ansammlung von Unrat;Behoben
04.10.2018 12:56:21;654;Parkverstöße;Behoben
04.10.2018 13:09:14;655;Parkverstöße;Behoben
04.10.2018 18:08:03;656;Defekte Straßenbeleuchtung;Behoben
05.10.2018 10:47:51;657;Parkverstöße;Behoben
05.10.2018 15:36:28;658;Illegale Müllablagerung, Ansammlung von Unrat;Behoben
06.10.2018 07:49:05;659;Illegale Müllablagerung, Ansammlung von Unrat;Behoben
06.10.2018 09:12:54;660;Sonstige Mängel;Behoben
08.10.2018 08:38:13;661;Parkverstöße;Behoben
08.10.2018 09:59:27;662;Straßenschäden;Behoben
09.10.2018 09:14:07;663;Sonstige Mängel;Abgelehnt
09.10.2018 16:00:02;664;Defekte Ampelanlagen oder Verkehrsschilder;In Bearbeitung
09.10.2018 22:00:27;665;Sonstige Mängel;In Bearbeitung
09.10.2018 22:44:58;666;Defekte Straßenbeleuchtung;Behoben
10.10.2018 22:41:09;667;Mülltonnen nicht geleert oder verschwunden;Abgelehnt
11.10.2018 06:37:55;668;Defekte Straßenbeleuchtung;Behoben
11.10.2018 15:42:23;669;Defekte Ampelanlagen oder Verkehrsschilder;In Bearbeitung
11.10.2018 15:46:12;670;Defekte Ampelanlagen oder Verkehrsschilder;In Bearbeitung
11.10.2018 17:20:05;671;Sonstige Mängel;Behoben
11.10.2018 19:35:41;672;Illegale Müllablagerung, Ansammlung von Unrat;Behoben
11.10.2018 19:38:22;673;Illegale Müllablagerung, Ansammlung von Unrat;Abgelehnt
11.10.2018 20:20:42;674;Defekte Straßenbeleuchtung;Behoben
12.10.2018 15:13:27;675;Parkverstöße;Behoben
12.10.2018 17:24:28;676;Defekte Ampelanlagen oder Verkehrsschilder;In Bearbeitung
12.10.2018 21:31:10;677;Defekte Straßenbeleuchtung;Behoben
13.10.2018 06:13:31;678;Defekte Straßenbeleuchtung;Behoben
13.10.2018 08:19:39;679;Parkverstöße;Behoben
13.10.2018 17:33:51;680;Defekte Straßenbeleuchtung;Behoben
13.10.2018 18:08:35;681;Sonstige Mängel;Behoben
13.10.2018 19:13:03;682;Illegale Müllablagerung, Ansammlung von Unrat;Behoben
13.10.2018 22:12:15;683;Defekte Straßenbeleuchtung;Behoben
13.10.2018 23:33:43;684;Defekte Straßenbeleuchtung;Behoben
14.10.2018 12:18:04;685;Parkverstöße;Behoben
15.10.2018 07:15:19;686;Sonstige Mängel;Behoben
15.10.2018 09:05:48;687;Illegale Müllablagerung, Ansammlung von Unrat;Behoben
15.10.2018 19:05:23;688;Defekte Straßenbeleuchtung;Behoben
16.10.2018 07:14:57;689;Defekte Straßenbeleuchtung;Behoben
16.10.2018 12:24:59;690;Illegale Müllablagerung, Ansammlung von Unrat;Abgelehnt
16.10.2018 16:00:00;691;Illegale Müllablagerung, Ansammlung von Unrat;Abgelehnt
16.10.2018 16:10:47;692;Parkverstöße;Behoben
16.10.2018 16:57:54;693;Sonstige Mängel;Behoben
16.10.2018 17:08:16;694;Sonstige Mängel;Abgelehnt
16.10.2018 18:46:23;695;Illegale Müllablagerung, Ansammlung von Unrat;Behoben
17.10.2018 18:14:13;696;Sonstige Mängel;In Bearbeitung
18.10.2018 07:53:01;697;Straßenschäden;Behoben
18.10.2018 10:55:03;698;Lärm- oder Geruchsbelästigung;Abgelehnt
18.10.2018 16:18:34;699;Straßen- und Gehwegverunreinigung;In Bearbeitung
18.10.2018 17:06:09;700;Parkverstöße;Behoben
19.10.2018 07:23:23;701;Defekte Straßenbeleuchtung;Behoben
19.10.2018 08:59:27;702;Illegale Müllablagerung, Ansammlung von Unrat;Behoben
19.10.2018 09:55:22;703;Straßen- und Gehwegverunreinigung;Behoben
19.10.2018 10:19:58;704;Parkverstöße;Behoben
19.10.2018 11:13:25;705;Sonstige Mängel;Behoben
19.10.2018 11:39:31;706;Sonstige Mängel;Abgelehnt
19.10.2018 12:05:19;707;Störungen in Grünanlagen und Landschaftsschutzgebieten;In Bearbeitung
19.10.2018 12:58:03;708;Sonstige Mängel;Behoben
19.10.2018 21:42:22;709;Defekte Straßenbeleuchtung;Behoben
19.10.2018 22:10:23;710;Defekte Straßenbeleuchtung;Behoben
19.10.2018 22:15:27;711;Defekte Straßenbeleuchtung;Behoben
19.10.2018 22:44:33;712;Defekte Straßenbeleuchtung;Behoben
20.10.2018 08:59:42;713;Parkverstöße;Behoben
20.10.2018 12:03:30;714;Störungen in Grünanlagen und Landschaftsschutzgebieten;In Bearbeitung
20.10.2018 12:20:58;715;Sonstige Mängel;Behoben
20.10.2018 12:26:25;716;Sonstige Mängel;Behoben
20.10.2018 12:55:07;717;Sonstige Mängel;In Bearbeitung
20.10.2018 14:08:22;718;Straßenschäden;Abgelehnt
20.10.2018 16:04:12;719;Illegale Müllablagerung, Ansammlung von Unrat;Behoben
20.10.2018 17:06:31;720;Sonstige Mängel;Behoben
21.10.2018 11:53:45;721;Illegale Müllablagerung, Ansammlung von Unrat;Behoben
21.10.2018 14:04:29;722;Sonstige Mängel;Behoben
21.10.2018 20:45:51;723;Defekte Straßenbeleuchtung;Behoben
21.10.2018 20:49:06;724;Defekte Straßenbeleuchtung;Behoben
22.10.2018 08:32:42;725;Parkverstöße;Behoben
22.10.2018 09:14:00;726;Lärm- oder Geruchsbelästigung;Behoben
22.10.2018 21:29:30;727;Parkverstöße;Behoben
23.10.2018 12:29:53;728;Sonstige Mängel;Behoben
23.10.2018 17:13:53;729;Mülltonnen nicht geleert oder verschwunden;Abgelehnt
23.10.2018 18:12:10;730;Illegale Müllablagerung, Ansammlung von Unrat;Behoben
24.10.2018 07:15:43;731;Parkverstöße;Behoben
24.10.2018 13:41:19;732;Parkverstöße;Behoben
24.10.2018 16:12:22;733;Defekte Ampelanlagen oder Verkehrsschilder;In Bearbeitung
24.10.2018 17:57:56;734;Defekte Ampelanlagen oder Verkehrsschilder;In Bearbeitung
24.10.2018 18:00:32;735;Illegale Müllablagerung, Ansammlung von Unrat;Behoben
24.10.2018 20:29:55;736;Parkverstöße;Behoben
25.10.2018 08:15:13;737;Sonstige Mängel;Behoben
26.10.2018 16:56:58;738;Defekte Ampelanlagen oder Verkehrsschilder;In Bearbeitung
27.10.2018 09:12:16;739;Parkverstöße;Behoben
27.10.2018 19:00:54;740;Defekte Straßenbeleuchtung;Behoben
28.10.2018 18:01:53;741;Parkverstöße;Behoben
28.10.2018 18:06:41;742;Parkverstöße;Behoben
28.10.2018 18:08:03;743;Parkverstöße;Behoben
28.10.2018 18:11:04;744;Parkverstöße;Behoben
28.10.2018 18:11:37;745;Parkverstöße;Abgelehnt
28.10.2018 18:13:02;746;Parkverstöße;Behoben
28.10.2018 18:18:15;747;Parkverstöße;Behoben
28.10.2018 20:18:08;748;Sonstige Mängel;Behoben
28.10.2018 20:31:46;749;Defekte Straßenbeleuchtung;Behoben
29.10.2018 06:27:24;750;Illegale Müllablagerung, Ansammlung von Unrat;Behoben
29.10.2018 14:53:56;751;Defekte Straßenbeleuchtung;Behoben
29.10.2018 16:28:34;752;Parkverstöße;Behoben
30.10.2018 23:25:22;753;Defekte Straßenbeleuchtung;Behoben
31.10.2018 12:56:35;754;Parkverstöße;Behoben
31.10.2018 15:01:28;755;Sonstige Mängel;Behoben
02.11.2018 09:48:41;756;Sonstige Mängel;Abgelehnt
02.11.2018 11:17:59;757;Defekte Straßenbeleuchtung;Behoben
02.11.2018 14:26:47;758;Straßenschäden;In Bearbeitung
02.11.2018 14:55:11;759;Defekte Straßenbeleuchtung;Behoben
02.11.2018 15:53:04;760;Sonstige Mängel;Abgelehnt
03.11.2018 16:20:22;761;Sonstige Mängel;Behoben
03.11.2018 18:02:44;762;Defekte Straßenbeleuchtung;Behoben
04.11.2018 08:59:52;763;Parkverstöße;Behoben
05.11.2018 17:27:31;764;Illegale Müllablagerung, Ansammlung von Unrat;Behoben
05.11.2018 19:02:43;765;Sonstige Mängel;In Bearbeitung
05.11.2018 20:23:21;766;Defekte Straßenbeleuchtung;Behoben
06.11.2018 06:18:29;767;Defekte Straßenbeleuchtung;Behoben
06.11.2018 16:28:38;768;Defekte Straßenbeleuchtung;Behoben
06.11.2018 17:20:06;769;Mülltonnen nicht geleert oder verschwunden;Abgelehnt
07.11.2018 06:52:59;770;Illegale Müllablagerung, Ansammlung von Unrat;Behoben
07.11.2018 11:16:51;771;Parkverstöße;Behoben
07.11.2018 11:17:23;772;Parkverstöße;Abgelehnt
07.11.2018 16:37:10;773;Illegale Müllablagerung, Ansammlung von Unrat;Behoben
07.11.2018 16:37:41;774;Illegale Müllablagerung, Ansammlung von Unrat;Abgelehnt
07.11.2018 16:38:10;775;Illegale Müllablagerung, Ansammlung von Unrat;Abgelehnt
08.11.2018 18:07:28;776;Sonstige Mängel;In Bearbeitung
08.11.2018 19:24:14;777;Defekte Straßenbeleuchtung;Behoben
09.11.2018 07:11:03;778;Defekte Straßenbeleuchtung;Behoben
09.11.2018 11:52:45;779;Parkverstöße;Behoben
09.11.2018 13:38:59;780;Sonstige Mängel;Behoben
09.11.2018 16:46:17;781;Probleme mit Tieren (zum Beispiel Wespen, Hornissen, Hunde);Behoben
09.11.2018 16:59:16;782;Sonstige Mängel;Behoben
11.11.2018 14:58:34;783;Defekte Ampelanlagen oder Verkehrsschilder;Abgelehnt
11.11.2018 18:56:21;784;Sonstige Mängel;Behoben
12.11.2018 08:30:07;785;Parkverstöße;Behoben
12.11.2018 09:02:31;786;Illegale Müllablagerung, Ansammlung von Unrat;Behoben
12.11.2018 09:57:46;787;Illegale Müllablagerung, Ansammlung von Unrat;Behoben
12.11.2018 11:14:11;788;Parkverstöße;Behoben
12.11.2018 17:36:37;789;Parkverstöße;Behoben
12.11.2018 19:06:59;790;Sonstige Mängel;Abgelehnt
13.11.2018 17:49:49;791;Parkverstöße;Behoben
13.11.2018 19:44:05;792;Defekte Straßenbeleuchtung;Behoben
14.11.2018 09:57:49;793;Illegale Müllablagerung, Ansammlung von Unrat;Behoben
14.11.2018 09:57:55;794;Straßen- und Gehwegverunreinigung;Abgelehnt
14.11.2018 23:47:58;795;Sonstige Mängel;Abgelehnt
15.11.2018 15:50:54;796;Sonstige Mängel;Behoben
15.11.2018 18:01:46;797;Defekte Straßenbeleuchtung;Behoben
16.11.2018 10:43:18;798;Parkverstöße;Behoben
16.11.2018 13:21:35;799;Abgestellte Autos ohne Kennzeichen;In Bearbeitung
16.11.2018 14:51:54;800;Sonstige Mängel;In Bearbeitung
16.11.2018 16:52:22;801;Parkverstöße;Behoben
16.11.2018 17:30:24;802;Defekte Straßenbeleuchtung;Behoben
16.11.2018 18:09:25;803;Parkverstöße;Behoben
16.11.2018 19:23:10;804;Defekte Straßenbeleuchtung;Behoben
17.11.2018 10:36:27;805;Illegale Müllablagerung, Ansammlung von Unrat;Behoben
17.11.2018 15:55:15;806;Sonstige Mängel;In Bearbeitung
17.11.2018 18:25:52;807;Sonstige Mängel;Behoben
18.11.2018 13:51:09;808;Straßenschäden;In Bearbeitung
18.11.2018 14:04:27;809;Sonstige Mängel;Behoben
18.11.2018 22:06:03;810;Defekte Straßenbeleuchtung;Behoben
19.11.2018 12:46:00;811;Illegale Müllablagerung, Ansammlung von Unrat;Behoben
19.11.2018 14:16:23;812;Parkverstöße;Behoben
19.11.2018 17:48:00;813;Lärm- oder Geruchsbelästigung;Behoben
20.11.2018 15:27:47;814;Sonstige Mängel;Behoben
20.11.2018 17:14:20;815;Sonstige Mängel;Behoben
20.11.2018 19:49:42;816;Parkverstöße;Behoben
20.11.2018 23:54:55;817;Lärm- oder Geruchsbelästigung;Behoben
21.11.2018 06:46:29;818;Defekte Straßenbeleuchtung;Behoben
21.11.2018 11:03:16;819;Defekte Straßenbeleuchtung;Behoben
22.11.2018 11:48:38;820;Abgestellte Autos ohne Kennzeichen;Behoben
22.11.2018 19:01:37;821;Parkverstöße;Behoben
22.11.2018 19:05:20;822;Parkverstöße;Abgelehnt
22.11.2018 19:16:15;823;Defekte Straßenbeleuchtung;Behoben
22.11.2018 22:26:06;824;Lärm- oder Geruchsbelästigung;Behoben
23.11.2018 12:42:52;825;Illegale Müllablagerung, Ansammlung von Unrat;Behoben
23.11.2018 15:10:42;826;Illegale Müllablagerung, Ansammlung von Unrat;Behoben
23.11.2018 15:20:44;827;Abgestellte Autos ohne Kennzeichen;In Bearbeitung
24.11.2018 18:53:42;828;Parkverstöße;Behoben
25.11.2018 11:14:20;829;Parkverstöße;Behoben
25.11.2018 11:14:38;830;Parkverstöße;Behoben
25.11.2018 12:36:31;831;Parkverstöße;Behoben
26.11.2018 09:01:55;832;Parkverstöße;Behoben
26.11.2018 09:18:51;833;Parkverstöße;Behoben
26.11.2018 13:20:17;834;Defekte Straßenbeleuchtung;Behoben
27.11.2018 11:00:50;835;Defekte Ampelanlagen oder Verkehrsschilder;Behoben
27.11.2018 18:39:48;836;Parkverstöße;Behoben
27.11.2018 18:44:43;837;Parkverstöße;Behoben
27.11.2018 21:10:16;838;Defekte Ampelanlagen oder Verkehrsschilder;In Bearbeitung
28.11.2018 15:37:36;839;Parkverstöße;Behoben
29.11.2018 08:28:55;840;Parkverstöße;Behoben
29.11.2018 08:36:02;841;Illegale Müllablagerung, Ansammlung von Unrat;Behoben
29.11.2018 09:16:06;842;Straßenschäden;Behoben
29.11.2018 10:55:01;843;Parkverstöße;Behoben
29.11.2018 12:34:23;844;Parkverstöße;Behoben
29.11.2018 20:13:29;845;Parkverstöße;Behoben
29.11.2018 20:43:12;846;Parkverstöße;Behoben
29.11.2018 20:45:51;847;Sonstige Mängel;Behoben
29.11.2018 22:23:35;848;Defekte Straßenbeleuchtung;Behoben
01.12.2018 12:49:31;849;Sonstige Mängel;Abgelehnt
01.12.2018 12:58:56;850;Defekte Ampelanlagen oder Verkehrsschilder;In Bearbeitung
01.12.2018 16:21:24;851;Sonstige Mängel;Behoben
01.12.2018 19:48:01;852;Parkverstöße;Behoben
01.12.2018 21:50:52;853;Sonstige Mängel;Behoben
01.12.2018 21:51:14;854;Straßen- und Gehwegverunreinigung;Abgelehnt
02.12.2018 10:38:47;855;Abgestellte Autos ohne Kennzeichen;Behoben
02.12.2018 13:17:00;856;Straßenschäden;Abgelehnt
03.12.2018 09:21:00;857;Defekte Ampelanlagen oder Verkehrsschilder;In Bearbeitung
03.12.2018 10:46:16;858;Parkverstöße;Behoben
03.12.2018 16:07:58;859;Parkverstöße;Behoben
04.12.2018 07:52:28;860;Illegale Müllablagerung, Ansammlung von Unrat;Behoben
04.12.2018 14:31:26;861;Straßenschäden;Behoben
04.12.2018 20:25:55;862;Defekte Straßenbeleuchtung;Behoben
04.12.2018 21:20:39;863;Sonstige Mängel;Behoben
04.12.2018 22:18:14;864;Sonstige Mängel;Behoben
05.12.2018 17:52:08;865;Straßen- und Gehwegverunreinigung;In Bearbeitung
05.12.2018 19:39:44;866;Parkverstöße;Behoben
06.12.2018 05:42:13;867;Illegale Müllablagerung, Ansammlung von Unrat;Behoben
06.12.2018 07:46:53;868;Mülltonnen nicht geleert oder verschwunden;Abgelehnt
06.12.2018 09:34:07;869;Illegale Müllablagerung, Ansammlung von Unrat;Behoben
06.12.2018 18:42:38;870;Straßenschäden;In Bearbeitung
07.12.2018 11:58:59;871;Illegale Müllablagerung, Ansammlung von Unrat;Behoben
07.12.2018 14:17:14;872;Sonstige Mängel;Behoben
08.12.2018 12:59:50;873;Illegale Müllablagerung, Ansammlung von Unrat;Behoben
08.12.2018 14:01:59;874;Illegale Müllablagerung, Ansammlung von Unrat;Behoben
08.12.2018 16:05:44;875;Mülltonnen nicht geleert oder verschwunden;Abgelehnt
09.12.2018 09:03:13;876;Illegale Müllablagerung, Ansammlung von Unrat;Behoben
09.12.2018 09:03:20;877;Illegale Müllablagerung, Ansammlung von Unrat;Abgelehnt
09.12.2018 12:22:50;878;Parkverstöße;Behoben
09.12.2018 12:25:41;879;Parkverstöße;Behoben
10.12.2018 05:46:30;880;Defekte Straßenbeleuchtung;Behoben
10.12.2018 07:58:52;881;Parkverstöße;Behoben
10.12.2018 15:26:44;882;Illegale Müllablagerung, Ansammlung von Unrat;Behoben
10.12.2018 15:57:07;883;Parkverstöße;Behoben
11.12.2018 19:31:23;884;Parkverstöße;Behoben
11.12.2018 22:19:42;885;Abgestellte Autos ohne Kennzeichen;Behoben
12.12.2018 05:17:05;886;Defekte Ampelanlagen oder Verkehrsschilder;Behoben
14.12.2018 09:47:04;887;Parkverstöße;Behoben
15.12.2018 08:47:36;888;Parkverstöße;Behoben
15.12.2018 08:51:32;889;Parkverstöße;Abgelehnt
15.12.2018 10:29:21;890;Parkverstöße;Behoben
16.12.2018 12:09:36;891;Straße nicht geräumt (im Winter bei Schneefall);Behoben
16.12.2018 19:20:52;892;Defekte Straßenbeleuchtung;Behoben
17.12.2018 07:59:29;893;Parkverstöße;Behoben
19.12.2018 11:22:26;894;Sonstige Mängel;Behoben
19.12.2018 21:32:14;895;Parkverstöße;Behoben
19.12.2018 22:10:34;896;Parkverstöße;Behoben
19.12.2018 22:12:29;897;Parkverstöße;Behoben
20.12.2018 11:28:03;898;Illegale Müllablagerung, Ansammlung von Unrat;Behoben
20.12.2018 13:19:20;899;Illegale Müllablagerung, Ansammlung von Unrat;Behoben
20.12.2018 21:51:55;900;Defekte Straßenbeleuchtung;Behoben
20.12.2018 22:10:21;901;Parkverstöße;Behoben
21.12.2018 12:58:14;902;Defekte Straßenbeleuchtung;Behoben
21.12.2018 20:43:58;903;Parkverstöße;Behoben
22.12.2018 14:26:31;904;Parkverstöße;Behoben
24.12.2018 09:18:47;905;Parkverstöße;Behoben
24.12.2018 12:15:38;906;Parkverstöße;Behoben
24.12.2018 12:19:24;907;Parkverstöße;Abgelehnt
26.12.2018 13:07:42;908;Illegale Müllablagerung, Ansammlung von Unrat;Behoben
26.12.2018 18:10:15;909;Straßenschäden;Behoben
27.12.2018 10:25:11;910;Sonstige Mängel;Abgelehnt
27.12.2018 19:50:41;911;Defekte Straßenbeleuchtung;Behoben
28.12.2018 11:30:53;912;Sonstige Mängel;In Bearbeitung
28.12.2018 16:18:02;913;Sonstige Mängel;Abgelehnt
28.12.2018 21:03:30;914;Parkverstöße;Abgelehnt
28.12.2018 21:03:53;915;Parkverstöße;Abgelehnt
29.12.2018 08:11:49;916;Defekte Straßenbeleuchtung;Behoben
29.12.2018 12:50:31;917;Illegale Müllablagerung, Ansammlung von Unrat;Behoben
29.12.2018 13:23:53;918;Parkverstöße;Behoben
29.12.2018 15:02:45;919;Straßen- und Gehwegverunreinigung;Behoben
29.12.2018 19:51:10;920;Defekte Straßenbeleuchtung;Behoben
29.12.2018 19:52:47;921;Defekte Straßenbeleuchtung;Behoben
30.12.2018 10:55:58;922;Illegale Müllablagerung, Ansammlung von Unrat;Behoben
30.12.2018 12:43:09;923;Parkverstöße;Behoben
30.12.2018 12:45:54;924;Parkverstöße;Behoben
30.12.2018 19:03:34;925;Defekte Straßenbeleuchtung;Behoben
31.12.2018 11:20:18;926;Straßen- und Gehwegverunreinigung;Abgelehnt
31.12.2018 12:24:45;927;Parkverstöße;Behoben
31.12.2018 12:25:01;928;Parkverstöße;Abgelehnt
31.12.2018 16:05:16;929;Defekte Straßenbeleuchtung;Behoben
01.01.2019 14:19:29;930;Illegale Müllablagerung, Ansammlung von Unrat;Behoben
02.01.2019 17:28:36;931;Straßenschäden;Behoben
03.01.2019 13:47:03;932;Illegale Müllablagerung, Ansammlung von Unrat;Behoben
03.01.2019 14:56:33;933;Probleme mit Tieren (zum Beispiel Wespen, Hornissen, Hunde);Behoben
03.01.2019 16:12:38;934;Illegale Müllablagerung, Ansammlung von Unrat;Behoben
06.01.2019 20:35:55;935;Defekte Straßenbeleuchtung;Behoben
07.01.2019 19:33:32;936;Parkverstöße;Behoben
07.01.2019 19:36:33;937;Parkverstöße;Behoben
07.01.2019 20:31:15;938;Defekte Straßenbeleuchtung;Behoben
07.01.2019 20:59:48;939;Defekte Straßenbeleuchtung;Behoben
08.01.2019 03:05:45;940;Defekte Straßenbeleuchtung;Behoben
08.01.2019 03:08:22;941;Defekte Straßenbeleuchtung;Behoben
08.01.2019 07:39:36;942;Straßenschäden;In Bearbeitung
09.01.2019 10:41:27;943;Illegale Müllablagerung, Ansammlung von Unrat;Behoben
09.01.2019 11:28:55;944;Parkverstöße;Behoben
09.01.2019 16:08:58;945;Straßen- und Gehwegverunreinigung;Behoben
09.01.2019 20:28:31;946;Parkverstöße;Behoben
10.01.2019 11:01:17;947;Sonstige Mängel;Behoben
10.01.2019 13:36:10;948;Parkverstöße;Behoben
10.01.2019 13:36:18;949;Parkverstöße;Abgelehnt
10.01.2019 19:18:17;950;Defekte Straßenbeleuchtung;Behoben
10.01.2019 19:47:36;951;Parkverstöße;Behoben
10.01.2019 22:08:59;952;Defekte Straßenbeleuchtung;Behoben
12.01.2019 11:47:13;953;Straßenschäden;Behoben
13.01.2019 13:56:10;954;Parkverstöße;Behoben
13.01.2019 13:57:04;955;Parkverstöße;Abgelehnt
13.01.2019 17:13:46;956;Parkverstöße;Behoben
13.01.2019 17:18:43;957;Parkverstöße;Behoben
13.01.2019 17:25:04;958;Abgestellte Autos ohne Kennzeichen;Behoben
13.01.2019 17:32:07;959;Parkverstöße;Behoben
13.01.2019 17:38:38;960;Parkverstöße;Behoben
13.01.2019 17:47:16;961;Parkverstöße;Behoben
13.01.2019 17:54:40;962;Parkverstöße;Behoben
13.01.2019 18:00:35;963;Parkverstöße;Behoben
13.01.2019 18:06:20;964;Parkverstöße;Behoben
13.01.2019 18:15:45;965;Parkverstöße;Behoben
13.01.2019 18:57:44;966;Parkverstöße;Abgelehnt
14.01.2019 09:36:30;967;Sonstige Mängel;Abgelehnt
15.01.2019 13:22:13;968;Defekte Straßenbeleuchtung;Behoben
15.01.2019 19:57:33;969;Defekte Straßenbeleuchtung;Behoben
16.01.2019 10:50:16;970;Straßenschäden;Behoben
16.01.2019 21:30:31;971;Defekte Straßenbeleuchtung;Behoben
16.01.2019 21:41:22;972;Sonstige Mängel;Abgelehnt
17.01.2019 10:45:39;973;Illegale Müllablagerung, Ansammlung von Unrat;Behoben
18.01.2019 18:30:13;974;Defekte Ampelanlagen oder Verkehrsschilder;Behoben
18.01.2019 21:57:58;975;Parkverstöße;Behoben
19.01.2019 16:56:25;976;Sonstige Mängel;Behoben
19.01.2019 18:38:00;977;Parkverstöße;Behoben
20.01.2019 15:04:59;978;Straßenschäden;Behoben
20.01.2019 16:05:00;979;Illegale Müllablagerung, Ansammlung von Unrat;Behoben
20.01.2019 17:10:19;980;Parkverstöße;Behoben
20.01.2019 19:18:52;981;Defekte Straßenbeleuchtung;Behoben
22.01.2019 17:03:08;982;Abgestellte Autos ohne Kennzeichen;Behoben
22.01.2019 22:44:48;983;Straßenschäden;Behoben
23.01.2019 18:30:29;984;Parkverstöße;Behoben
23.01.2019 19:03:56;985;Parkverstöße;Behoben
23.01.2019 19:04:05;986;Parkverstöße;Abgelehnt
23.01.2019 20:18:33;987;Parkverstöße;Behoben
23.01.2019 20:26:38;988;Parkverstöße;Behoben
23.01.2019 20:30:49;989;Parkverstöße;Behoben
24.01.2019 12:03:06;990;Defekte Ampelanlagen oder Verkehrsschilder;Behoben
24.01.2019 20:21:27;991;Parkverstöße;Behoben
24.01.2019 20:24:17;992;Parkverstöße;Behoben
24.01.2019 20:29:56;993;Parkverstöße;Behoben
24.01.2019 20:34:37;994;Parkverstöße;Behoben
25.01.2019 10:37:13;995;Parkverstöße;Behoben
25.01.2019 13:34:44;996;Defekte Straßenbeleuchtung;Behoben
25.01.2019 16:01:12;997;Parkverstöße;Behoben
25.01.2019 16:06:20;998;Parkverstöße;Behoben
25.01.2019 16:07:48;999;Parkverstöße;Behoben
25.01.2019 16:09:13;1000;Parkverstöße;Behoben
25.01.2019 16:14:35;1001;Parkverstöße;Behoben
25.01.2019 17:40:54;1002;Parkverstöße;Behoben
25.01.2019 17:47:06;1003;Parkverstöße;Behoben
25.01.2019 17:51:26;1004;Parkverstöße;Behoben
25.01.2019 17:55:00;1005;Parkverstöße;Behoben
25.01.2019 22:52:07;1006;Parkverstöße;Behoben
26.01.2019 10:16:03;1007;Parkverstöße;Behoben
26.01.2019 11:03:54;1008;Parkverstöße;Behoben
26.01.2019 11:07:22;1009;Parkverstöße;Behoben
26.01.2019 11:12:06;1010;Parkverstöße;Behoben
26.01.2019 11:15:30;1011;Parkverstöße;Behoben
26.01.2019 11:19:31;1012;Parkverstöße;Behoben
26.01.2019 12:43:45;1013;Sonstige Mängel;Abgelehnt
27.01.2019 10:57:54;1014;Parkverstöße;Behoben
27.01.2019 11:01:26;1015;Illegale Müllablagerung, Ansammlung von Unrat;Behoben
27.01.2019 14:39:24;1016;Sonstige Mängel;In Bearbeitung
27.01.2019 17:19:48;1017;Sonstige Mängel;Behoben
28.01.2019 09:29:37;1018;Defekte Straßenbeleuchtung;Behoben
29.01.2019 12:50:18;1019;Sonstige Mängel;Behoben
29.01.2019 23:16:51;1020;Defekte Straßenbeleuchtung;Behoben
30.01.2019 08:15:05;1021;Parkverstöße;Behoben
30.01.2019 11:36:42;1022;Parkverstöße;Behoben
30.01.2019 21:53:22;1023;Parkverstöße;Behoben
31.01.2019 07:17:50;1024;Mülltonnen nicht geleert oder verschwunden;Behoben
31.01.2019 09:03:01;1025;Illegale Müllablagerung, Ansammlung von Unrat;Behoben
31.01.2019 09:58:52;1026;Sonstige Mängel;Behoben
02.02.2019 13:33:33;1027;Sonstige Mängel;Behoben
02.02.2019 13:36:26;1028;Illegale Müllablagerung, Ansammlung von Unrat;Behoben
02.02.2019 17:12:32;1029;Sonstige Mängel;Behoben
03.02.2019 09:18:03;1030;Abgestellte Autos ohne Kennzeichen;Behoben
03.02.2019 09:22:05;1031;Parkverstöße;Behoben
03.02.2019 10:45:01;1032;Defekte Straßenbeleuchtung;In Bearbeitung
03.02.2019 13:23:25;1033;Sonstige Mängel;Abgelehnt
05.02.2019 16:56:01;1034;Defekte Ampelanlagen oder Verkehrsschilder;In Bearbeitung
05.02.2019 18:25:41;1035;Abgestellte Autos ohne Kennzeichen;Behoben
05.02.2019 20:22:05;1036;Sonstige Mängel;Behoben
05.02.2019 20:50:49;1037;Mülltonnen nicht geleert oder verschwunden;Behoben
06.02.2019 20:41:09;1038;Defekte Straßenbeleuchtung;Behoben
07.02.2019 08:16:15;1039;Illegale Müllablagerung, Ansammlung von Unrat;Behoben
07.02.2019 08:51:13;1040;Sonstige Mängel;Behoben
08.02.2019 19:18:53;1041;Defekte Straßenbeleuchtung;Abgelehnt
09.02.2019 08:50:41;1042;Illegale Müllablagerung, Ansammlung von Unrat;Behoben
10.02.2019 12:57:42;1043;Illegale Müllablagerung, Ansammlung von Unrat;Behoben
11.02.2019 18:05:30;1044;Mülltonnen nicht geleert oder verschwunden;Behoben
12.02.2019 19:31:40;1045;Defekte Straßenbeleuchtung;Behoben
13.02.2019 08:03:33;1046;Parkverstöße;Behoben
13.02.2019 08:23:51;1047;Mülltonnen nicht geleert oder verschwunden;Abgelehnt
13.02.2019 08:30:13;1048;Mülltonnen nicht geleert oder verschwunden;Abgelehnt
13.02.2019 11:33:18;1049;Abgestellte Autos ohne Kennzeichen;Behoben
14.02.2019 18:32:05;1050;Parkverstöße;Behoben
15.02.2019 11:25:46;1051;Straßen- und Gehwegverunreinigung;In Bearbeitung
15.02.2019 17:27:50;1052;Lärm- oder Geruchsbelästigung;Behoben
15.02.2019 19:23:59;1053;Defekte Straßenbeleuchtung;Behoben
15.02.2019 21:56:10;1054;Defekte Straßenbeleuchtung;In Bearbeitung
16.02.2019 09:13:15;1055;Illegale Müllablagerung, Ansammlung von Unrat;Behoben
16.02.2019 09:44:19;1056;Illegale Müllablagerung, Ansammlung von Unrat;Behoben
16.02.2019 10:39:11;1057;Defekte Straßenbeleuchtung;Behoben
16.02.2019 15:59:53;1058;Parkverstöße;Behoben
16.02.2019 16:09:51;1059;Parkverstöße;Behoben
16.02.2019 21:10:33;1060;Parkverstöße;Behoben
17.02.2019 10:35:47;1061;Parkverstöße;Behoben
17.02.2019 15:24:10;1062;Parkverstöße;Behoben
17.02.2019 17:55:07;1063;Parkverstöße;Behoben
18.02.2019 11:55:45;1064;Defekte Ampelanlagen oder Verkehrsschilder;Behoben
18.02.2019 17:28:05;1065;Parkverstöße;Behoben
18.02.2019 19:04:16;1066;Defekte Ampelanlagen oder Verkehrsschilder;Abgelehnt
19.02.2019 07:55:39;1067;Straßen- und Gehwegverunreinigung;Behoben
19.02.2019 18:02:13;1068;Parkverstöße;Behoben
19.02.2019 22:38:24;1069;Parkverstöße;Behoben
20.02.2019 06:59:58;1070;Parkverstöße;Behoben
20.02.2019 17:14:00;1071;Parkverstöße;Behoben
21.02.2019 13:06:23;1072;Sonstige Mängel;Behoben
21.02.2019 15:18:10;1073;Defekte Ampelanlagen oder Verkehrsschilder;Behoben
21.02.2019 17:52:34;1074;Sonstige Mängel;Abgelehnt
21.02.2019 18:48:26;1075;Parkverstöße;Abgelehnt
22.02.2019 17:51:57;1076;Sonstige Mängel;Behoben
23.02.2019 16:35:46;1077;Parkverstöße;Behoben
23.02.2019 21:16:10;1078;Parkverstöße;Behoben
24.02.2019 14:52:34;1079;Illegale Müllablagerung, Ansammlung von Unrat;Behoben
24.02.2019 16:15:19;1080;Illegale Müllablagerung, Ansammlung von Unrat;Behoben
24.02.2019 18:34:09;1081;Defekte Straßenbeleuchtung;Behoben
24.02.2019 20:17:48;1082;Defekte Ampelanlagen oder Verkehrsschilder;Behoben
25.02.2019 08:13:24;1083;Sonstige Mängel;Behoben
25.02.2019 12:19:12;1084;Illegale Müllablagerung, Ansammlung von Unrat;Behoben
25.02.2019 15:54:03;1085;Defekte Ampelanlagen oder Verkehrsschilder;In Bearbeitung
25.02.2019 16:05:25;1086;Illegale Müllablagerung, Ansammlung von Unrat;Behoben
25.02.2019 19:55:21;1087;Parkverstöße;Behoben
26.02.2019 08:13:19;1088;Parkverstöße;Behoben
26.02.2019 12:33:49;1089;Defekte Straßenbeleuchtung;Behoben
27.02.2019 09:35:55;1090;Parkverstöße;Behoben
27.02.2019 10:59:28;1091;Defekte Straßenbeleuchtung;Abgelehnt
27.02.2019 12:55:40;1092;Sonstige Mängel;In Bearbeitung
27.02.2019 14:31:58;1093;Illegale Müllablagerung, Ansammlung von Unrat;Behoben
27.02.2019 16:49:51;1094;Sonstige Mängel;Abgelehnt
27.02.2019 17:11:45;1095;Straßenschäden;Behoben
27.02.2019 18:41:59;1096;Parkverstöße;Behoben
27.02.2019 18:42:21;1097;Parkverstöße;Behoben
27.02.2019 18:58:22;1098;Sonstige Mängel;Behoben
28.02.2019 09:24:55;1099;Illegale Müllablagerung, Ansammlung von Unrat;Behoben
28.02.2019 12:02:20;1100;Sonstige Mängel;Abgelehnt
28.02.2019 12:34:31;1101;Illegale Müllablagerung, Ansammlung von Unrat;Behoben
28.02.2019 19:14:32;1102;Lärm- oder Geruchsbelästigung;Behoben
28.02.2019 19:33:53;1103;Defekte Straßenbeleuchtung;Behoben
01.03.2019 12:07:08;1104;Sonstige Mängel;Abgelehnt
01.03.2019 14:48:10;1105;Illegale Müllablagerung, Ansammlung von Unrat;Behoben
01.03.2019 14:50:39;1106;Illegale Müllablagerung, Ansammlung von Unrat;Behoben
02.03.2019 09:45:04;1107;Sonstige Mängel;In Bearbeitung
02.03.2019 11:41:15;1108;Parkverstöße;Behoben
03.03.2019 13:05:38;1109;Sonstige Mängel;In Bearbeitung
03.03.2019 14:52:23;1110;Parkverstöße;Behoben
03.03.2019 17:31:57;1111;Parkverstöße;Behoben
04.03.2019 07:03:36;1112;Parkverstöße;Behoben
04.03.2019 09:12:43;1113;Sonstige Mängel;Abgelehnt
04.03.2019 12:28:05;1114;Parkverstöße;Behoben
04.03.2019 16:50:41;1115;Parkverstöße;Behoben
04.03.2019 16:58:04;1116;Parkverstöße;Behoben
04.03.2019 18:22:48;1117;Illegale Müllablagerung, Ansammlung von Unrat;Behoben
04.03.2019 18:37:57;1118;Mülltonnen nicht geleert oder verschwunden;Behoben
04.03.2019 19:26:28;1119;Parkverstöße;Behoben
05.03.2019 11:12:06;1120;Sonstige Mängel;Behoben
05.03.2019 12:46:22;1121;Sonstige Mängel;Behoben
05.03.2019 14:29:35;1122;Defekte Ampelanlagen oder Verkehrsschilder;In Bearbeitung
05.03.2019 16:58:14;1123;Parkverstöße;Behoben
05.03.2019 17:04:25;1124;Illegale Müllablagerung, Ansammlung von Unrat;Behoben
05.03.2019 17:06:50;1125;Parkverstöße;Behoben
05.03.2019 19:19:47;1126;Sonstige Mängel;Behoben
06.03.2019 07:28:33;1127;Parkverstöße;Behoben
06.03.2019 20:42:35;1128;Illegale Müllablagerung, Ansammlung von Unrat;Behoben
07.03.2019 10:11:42;1129;Illegale Müllablagerung, Ansammlung von Unrat;Behoben
07.03.2019 15:43:50;1130;Defekte Ampelanlagen oder Verkehrsschilder;Behoben
07.03.2019 18:01:41;1131;Parkverstöße;Behoben
07.03.2019 19:26:33;1132;Parkverstöße;Behoben
07.03.2019 22:24:15;1133;Illegale Müllablagerung, Ansammlung von Unrat;Behoben
08.03.2019 08:05:49;1134;Parkverstöße;Behoben
08.03.2019 08:06:06;1135;Parkverstöße;Abgelehnt
08.03.2019 10:12:21;1136;Defekte Straßenbeleuchtung;Behoben
08.03.2019 10:15:42;1137;Sonstige Mängel;Behoben
08.03.2019 17:57:18;1138;Straßenschäden;Behoben
09.03.2019 10:41:52;1139;Parkverstöße;Behoben
09.03.2019 20:10:04;1140;Sonstige Mängel;Behoben
09.03.2019 22:41:47;1141;Sonstige Mängel;Behoben
10.03.2019 11:31:17;1142;Straßen- und Gehwegverunreinigung;Behoben
10.03.2019 11:52:52;1143;Parkverstöße;Behoben
10.03.2019 11:55:14;1144;Parkverstöße;Behoben
10.03.2019 17:26:39;1145;Straßenschäden;Behoben
10.03.2019 18:13:23;1146;Straßenschäden;Behoben
10.03.2019 19:29:30;1147;Illegale Müllablagerung, Ansammlung von Unrat;Behoben
11.03.2019 07:06:50;1148;Parkverstöße;Behoben
11.03.2019 07:39:36;1149;Parkverstöße;Behoben
11.03.2019 19:10:18;1150;Illegale Müllablagerung, Ansammlung von Unrat;Behoben
11.03.2019 19:59:40;1151;Parkverstöße;Behoben
12.03.2019 08:36:20;1152;Illegale Müllablagerung, Ansammlung von Unrat;Behoben
12.03.2019 09:32:04;1153;Illegale Müllablagerung, Ansammlung von Unrat;Behoben
12.03.2019 15:12:40;1154;Illegale Müllablagerung, Ansammlung von Unrat;Behoben
12.03.2019 18:56:07;1155;Defekte Straßenbeleuchtung;Behoben
13.03.2019 07:43:46;1156;Parkverstöße;Behoben
13.03.2019 08:33:09;1157;Illegale Müllablagerung, Ansammlung von Unrat;Behoben
13.03.2019 08:36:00;1158;Illegale Müllablagerung, Ansammlung von Unrat;Behoben
13.03.2019 08:37:36;1159;Illegale Müllablagerung, Ansammlung von Unrat;Behoben
13.03.2019 08:39:57;1160;Illegale Müllablagerung, Ansammlung von Unrat;Behoben
13.03.2019 08:42:17;1161;Illegale Müllablagerung, Ansammlung von Unrat;Behoben
13.03.2019 08:43:42;1162;Illegale Müllablagerung, Ansammlung von Unrat;Behoben
13.03.2019 08:45:31;1163;Illegale Müllablagerung, Ansammlung von Unrat;Behoben
13.03.2019 08:47:46;1164;Illegale Müllablagerung, Ansammlung von Unrat;Behoben
13.03.2019 12:19:10;1165;Straßenschäden;Behoben
14.03.2019 16:40:19;1166;Sonstige Mängel;Behoben
14.03.2019 16:41:45;1167;Sonstige Mängel;Abgelehnt
15.03.2019 06:17:20;1168;Defekte Ampelanlagen oder Verkehrsschilder;In Bearbeitung
15.03.2019 07:36:53;1169;Defekte Ampelanlagen oder Verkehrsschilder;Behoben
15.03.2019 15:46:54;1170;Parkverstöße;Behoben
15.03.2019 18:23:21;1171;Parkverstöße;Behoben
16.03.2019 08:05:27;1172;Illegale Müllablagerung, Ansammlung von Unrat;Behoben
17.03.2019 07:55:33;1173;Illegale Müllablagerung, Ansammlung von Unrat;Behoben
17.03.2019 08:35:07;1174;Parkverstöße;Behoben
17.03.2019 08:45:09;1175;Parkverstöße;Behoben
17.03.2019 10:57:14;1176;Sonstige Mängel;Behoben
17.03.2019 11:36:10;1177;Sonstige Mängel;Behoben
17.03.2019 12:07:07;1178;Parkverstöße;Behoben
17.03.2019 12:26:33;1179;Sonstige Mängel;Abgelehnt
17.03.2019 12:38:58;1180;Sonstige Mängel;Abgelehnt
17.03.2019 17:37:02;1181;Probleme mit Tieren (zum Beispiel Wespen, Hornissen, Hunde);Behoben
17.03.2019 17:54:31;1182;Illegale Müllablagerung, Ansammlung von Unrat;Behoben
17.03.2019 18:17:12;1183;Parkverstöße;Behoben
17.03.2019 22:07:57;1184;Probleme mit Tieren (zum Beispiel Wespen, Hornissen, Hunde);Behoben
18.03.2019 09:38:43;1185;Sonstige Mängel;Behoben
18.03.2019 10:09:57;1186;Parkverstöße;Behoben
18.03.2019 12:46:45;1187;Parkverstöße;Behoben
18.03.2019 20:50:10;1188;Sonstige Mängel;Behoben
19.03.2019 07:22:34;1189;Straßenschäden;Abgelehnt
19.03.2019 08:17:39;1190;Parkverstöße;Behoben
19.03.2019 10:45:25;1191;Straßenschäden;Behoben
19.03.2019 14:56:02;1192;Parkverstöße;Behoben
19.03.2019 16:04:20;1193;Sonstige Mängel;Abgelehnt
20.03.2019 07:32:27;1194;Illegale Müllablagerung, Ansammlung von Unrat;Behoben
20.03.2019 11:19:08;1195;Sonstige Mängel;Behoben
20.03.2019 16:05:01;1196;Parkverstöße;Behoben
20.03.2019 17:25:44;1197;Illegale Müllablagerung, Ansammlung von Unrat;Behoben
20.03.2019 21:40:44;1198;Defekte Ampelanlagen oder Verkehrsschilder;In Bearbeitung
21.03.2019 08:53:23;1199;Parkverstöße;Abgelehnt
21.03.2019 17:34:05;1200;Sonstige Mängel;Behoben
21.03.2019 18:44:03;1201;Defekte Ampelanlagen oder Verkehrsschilder;Behoben
21.03.2019 20:48:11;1202;Parkverstöße;Behoben
22.03.2019 11:47:57;1203;Straßen- und Gehwegverunreinigung;Behoben
22.03.2019 15:21:52;1204;Sonstige Mängel;Behoben
22.03.2019 17:19:12;1205;Parkverstöße;Behoben
22.03.2019 19:08:32;1206;Parkverstöße;Behoben
23.03.2019 12:44:46;1207;Sonstige Mängel;Behoben
23.03.2019 13:00:14;1208;Illegale Müllablagerung, Ansammlung von Unrat;Behoben
23.03.2019 16:57:11;1209;Defekte Ampelanlagen oder Verkehrsschilder;Behoben
23.03.2019 20:22:51;1210;Defekte Straßenbeleuchtung;Behoben
23.03.2019 21:58:43;1211;Defekte Straßenbeleuchtung;Behoben
24.03.2019 03:46:59;1212;Lärm- oder Geruchsbelästigung;Abgelehnt
24.03.2019 10:22:42;1213;Sonstige Mängel;Behoben
25.03.2019 07:18:40;1214;Illegale Müllablagerung, Ansammlung von Unrat;In Bearbeitung
25.03.2019 08:17:59;1215;Parkverstöße;Behoben
25.03.2019 09:03:28;1216;Sonstige Mängel;Behoben
25.03.2019 09:05:20;1217;Illegale Müllablagerung, Ansammlung von Unrat;Behoben
25.03.2019 09:41:33;1218;Illegale Müllablagerung, Ansammlung von Unrat;Behoben
25.03.2019 11:56:42;1219;Illegale Müllablagerung, Ansammlung von Unrat;Behoben
25.03.2019 13:34:55;1220;Illegale Müllablagerung, Ansammlung von Unrat;Behoben
25.03.2019 16:16:41;1221;Illegale Müllablagerung, Ansammlung von Unrat;Behoben
25.03.2019 16:24:38;1222;Defekte Straßenbeleuchtung;Behoben
26.03.2019 19:50:09;1223;Parkverstöße;Behoben
26.03.2019 20:09:58;1224;Defekte Straßenbeleuchtung;Behoben
26.03.2019 20:15:56;1225;Defekte Straßenbeleuchtung;Behoben
26.03.2019 21:12:20;1226;Defekte Straßenbeleuchtung;Behoben
27.03.2019 08:24:31;1227;Illegale Müllablagerung, Ansammlung von Unrat;Behoben
27.03.2019 08:24:40;1228;Illegale Müllablagerung, Ansammlung von Unrat;Abgelehnt
27.03.2019 14:43:15;1229;Parkverstöße;Behoben
27.03.2019 22:10:23;1230;Parkverstöße;Behoben
28.03.2019 09:28:29;1231;Illegale Müllablagerung, Ansammlung von Unrat;Behoben
28.03.2019 09:30:40;1232;Parkverstöße;Behoben
28.03.2019 09:31:59;1233;Parkverstöße;Behoben
28.03.2019 12:07:29;1234;Parkverstöße;Behoben
28.03.2019 12:24:21;1235;Parkverstöße;Behoben
28.03.2019 12:26:49;1236;Parkverstöße;Behoben
28.03.2019 12:31:46;1237;Parkverstöße;Behoben
28.03.2019 13:14:26;1238;Parkverstöße;Behoben
28.03.2019 17:01:13;1239;Parkverstöße;Behoben
28.03.2019 21:17:21;1240;Defekte Ampelanlagen oder Verkehrsschilder;In Bearbeitung
29.03.2019 11:02:05;1241;Parkverstöße;Behoben
29.03.2019 14:46:00;1242;Sonstige Mängel;In Bearbeitung
29.03.2019 14:48:04;1243;Sonstige Mängel;Behoben
29.03.2019 15:04:40;1244;Parkverstöße;In Bearbeitung
30.03.2019 12:20:39;1245;Illegale Müllablagerung, Ansammlung von Unrat;Behoben
30.03.2019 12:21:55;1246;Illegale Müllablagerung, Ansammlung von Unrat;Behoben
30.03.2019 13:02:58;1247;Sonstige Mängel;Abgelehnt
30.03.2019 16:49:28;1248;Mülltonnen nicht geleert oder verschwunden;Abgelehnt
31.03.2019 00:22:48;1249;Illegale Müllablagerung, Ansammlung von Unrat;Behoben
31.03.2019 12:55:21;1250;Störungen Grillplatz;In Bearbeitung
31.03.2019 13:42:07;1251;Parkverstöße;Behoben
31.03.2019 14:44:10;1252;Mülltonnen nicht geleert oder verschwunden;Abgelehnt
31.03.2019 17:40:19;1253;Störungen Grillplatz;In Bearbeitung
31.03.2019 17:43:44;1254;Parkverstöße;Behoben
31.03.2019 17:58:53;1255;Illegale Müllablagerung, Ansammlung von Unrat;Behoben
01.04.2019 07:29:46;1256;Parkverstöße;Behoben
01.04.2019 18:36:35;1257;Parkverstöße;Behoben
01.04.2019 21:14:17;1258;Parkverstöße;Behoben
01.04.2019 22:27:13;1259;Defekte Straßenbeleuchtung;Behoben
01.04.2019 23:48:11;1260;Straßen- und Gehwegverunreinigung;In Bearbeitung
02.04.2019 08:51:24;1261;Illegale Müllablagerung, Ansammlung von Unrat;Behoben
02.04.2019 18:00:46;1262;Sonstige Mängel;Behoben
02.04.2019 20:17:18;1263;Parkverstöße;Behoben
02.04.2019 20:58:37;1264;Defekte Straßenbeleuchtung;Behoben
03.04.2019 10:51:54;1265;Parkverstöße;Behoben
03.04.2019 14:02:17;1266;Illegale Müllablagerung, Ansammlung von Unrat;Behoben
03.04.2019 17:26:40;1267;Defekte Straßenbeleuchtung;Behoben
03.04.2019 17:33:00;1268;Straßenschäden;In Bearbeitung
03.04.2019 18:18:30;1269;Parkverstöße;Behoben
03.04.2019 18:47:43;1270;Parkverstöße;Abgelehnt
03.04.2019 19:27:07;1271;Parkverstöße;Behoben
03.04.2019 19:47:27;1272;Parkverstöße;Behoben
03.04.2019 21:20:14;1273;Parkverstöße;Behoben
04.04.2019 19:42:55;1274;Parkverstöße;Abgelehnt
05.04.2019 07:21:06;1275;Parkverstöße;Behoben
05.04.2019 14:58:30;1276;Abgestellte Autos ohne Kennzeichen;Behoben
05.04.2019 15:01:31;1277;Abgestellte Autos ohne Kennzeichen;Behoben
05.04.2019 15:39:35;1278;Parkverstöße;Behoben
05.04.2019 17:20:25;1279;Parkverstöße;Behoben
05.04.2019 18:02:48;1280;Parkverstöße;Behoben
06.04.2019 12:04:37;1281;Illegale Müllablagerung, Ansammlung von Unrat;Behoben
06.04.2019 13:50:05;1282;Störungen Grillplatz;In Bearbeitung
06.04.2019 15:57:54;1283;Sonstige Mängel;In Bearbeitung
06.04.2019 20:34:35;1284;Parkverstöße;Behoben
07.04.2019 12:30:35;1285;Parkverstöße;Behoben
07.04.2019 14:26:23;1286;Parkverstöße;Behoben
07.04.2019 17:08:53;1287;Sonstige Mängel;In Bearbeitung
07.04.2019 17:17:37;1288;Sonstige Mängel;In Bearbeitung
07.04.2019 18:32:18;1289;Parkverstöße;Behoben
07.04.2019 18:38:38;1290;Parkverstöße;Abgelehnt
07.04.2019 21:55:05;1291;Illegale Müllablagerung, Ansammlung von Unrat;Behoben
07.04.2019 21:56:50;1292;Illegale Müllablagerung, Ansammlung von Unrat;Behoben
08.04.2019 07:52:32;1293;Illegale Müllablagerung, Ansammlung von Unrat;Behoben
08.04.2019 18:21:27;1294;Illegale Müllablagerung, Ansammlung von Unrat;Behoben
08.04.2019 21:18:07;1295;Defekte Straßenbeleuchtung;Behoben
09.04.2019 07:48:51;1296;Parkverstöße;Behoben
09.04.2019 09:48:31;1297;Defekte Ampelanlagen oder Verkehrsschilder;Behoben
09.04.2019 10:04:17;1298;Sonstige Mängel;Behoben
09.04.2019 17:08:11;1299;Abgestellte Autos ohne Kennzeichen;Behoben
10.04.2019 04:55:06;1300;Sonstige Mängel;Abgelehnt
10.04.2019 11:28:40;1301;Illegale Müllablagerung, Ansammlung von Unrat;Behoben
10.04.2019 13:31:10;1302;Illegale Müllablagerung, Ansammlung von Unrat;Behoben
10.04.2019 16:10:37;1303;Illegale Müllablagerung, Ansammlung von Unrat;Behoben
10.04.2019 17:03:15;1304;Illegale Müllablagerung, Ansammlung von Unrat;Behoben
10.04.2019 20:09:51;1305;Defekte Ampelanlagen oder Verkehrsschilder;In Bearbeitung
10.04.2019 20:12:44;1306;Straßenschäden;Behoben
11.04.2019 07:37:58;1307;Sonstige Mängel;Behoben
11.04.2019 10:18:48;1308;Straßenschäden;In Bearbeitung
11.04.2019 18:01:36;1309;Straßenschäden;Behoben
11.04.2019 21:42:20;1310;Sonstige Mängel;Behoben
11.04.2019 23:09:31;1311;Defekte Straßenbeleuchtung;Behoben
12.04.2019 11:36:32;1312;Parkverstöße;Behoben
13.04.2019 13:11:05;1313;Sonstige Mängel;Abgelehnt
13.04.2019 15:27:32;1314;Parkverstöße;Behoben
14.04.2019 01:48:01;1315;Defekte Ampelanlagen oder Verkehrsschilder;In Bearbeitung
14.04.2019 08:08:22;1316;Illegale Müllablagerung, Ansammlung von Unrat;Behoben
14.04.2019 18:57:18;1317;Illegale Müllablagerung, Ansammlung von Unrat;Behoben
16.04.2019 08:27:42;1318;Parkverstöße;Behoben
16.04.2019 09:19:37;1319;Probleme mit Tieren (zum Beispiel Wespen, Hornissen, Hunde);In Bearbeitung
16.04.2019 10:57:28;1320;Sonstige Mängel;Behoben
16.04.2019 16:14:47;1321;Mülltonnen nicht geleert oder verschwunden;Abgelehnt
16.04.2019 18:19:27;1322;Parkverstöße;Behoben
16.04.2019 19:11:22;1323;Parkverstöße;Behoben
16.04.2019 19:14:01;1324;Störungen Grillplatz;In Bearbeitung
16.04.2019 20:08:54;1325;Parkverstöße;Behoben
16.04.2019 20:12:44;1326;Parkverstöße;Behoben
16.04.2019 20:19:43;1327;Parkverstöße;Behoben
16.04.2019 20:26:04;1328;Parkverstöße;Behoben
16.04.2019 20:31:11;1329;Parkverstöße;Behoben
16.04.2019 20:36:07;1330;Parkverstöße;Behoben
16.04.2019 20:39:00;1331;Parkverstöße;Behoben
16.04.2019 20:43:53;1332;Parkverstöße;Behoben
17.04.2019 07:08:22;1333;Parkverstöße;Behoben
17.04.2019 07:42:19;1334;Illegale Müllablagerung, Ansammlung von Unrat;Behoben
17.04.2019 11:36:36;1335;Sonstige Mängel;Abgelehnt
17.04.2019 17:49:10;1336;Parkverstöße;Behoben
17.04.2019 18:12:56;1337;Parkverstöße;Behoben
17.04.2019 18:15:55;1338;Parkverstöße;Behoben
17.04.2019 18:21:39;1339;Parkverstöße;Behoben
17.04.2019 18:56:59;1340;Sonstige Mängel;Behoben
18.04.2019 07:22:41;1341;Parkverstöße;Behoben
18.04.2019 12:12:09;1342;Mülltonnen nicht geleert oder verschwunden;Behoben
18.04.2019 17:22:33;1343;Illegale Müllablagerung, Ansammlung von Unrat;Behoben
18.04.2019 18:37:43;1344;Störungen Grillplatz;In Bearbeitung
19.04.2019 17:13:23;1345;Parkverstöße;In Bearbeitung
20.04.2019 11:35:47;1346;Sonstige Mängel;Abgelehnt
20.04.2019 14:17:29;1347;Illegale Müllablagerung, Ansammlung von Unrat;Behoben
20.04.2019 16:06:28;1348;Sonstige Mängel;Behoben
21.04.2019 08:40:17;1349;Sonstige Mängel;Behoben
21.04.2019 13:50:58;1350;Defekte Ampelanlagen oder Verkehrsschilder;Behoben
22.04.2019 08:58:45;1351;Illegale Müllablagerung, Ansammlung von Unrat;Behoben
22.04.2019 13:08:08;1352;Sonstige Mängel;Abgelehnt
22.04.2019 13:23:16;1353;Sonstige Mängel;Behoben
22.04.2019 16:03:22;1354;Parkverstöße;Behoben
22.04.2019 19:57:38;1355;Illegale Müllablagerung, Ansammlung von Unrat;Behoben
23.04.2019 07:04:51;1356;Parkverstöße;Behoben
23.04.2019 07:05:18;1357;Illegale Müllablagerung, Ansammlung von Unrat;Behoben
23.04.2019 17:41:54;1358;Defekte Ampelanlagen oder Verkehrsschilder;In Bearbeitung
23.04.2019 18:09:57;1359;Parkverstöße;Behoben
23.04.2019 19:05:19;1360;Parkverstöße;Behoben
23.04.2019 20:04:16;1361;Mülltonnen nicht geleert oder verschwunden;Abgelehnt
24.04.2019 06:08:37;1362;Parkverstöße;Behoben
24.04.2019 06:15:52;1363;Parkverstöße;Behoben
24.04.2019 07:12:54;1364;Parkverstöße;Behoben
24.04.2019 07:26:05;1365;Defekte Ampelanlagen oder Verkehrsschilder;Behoben
24.04.2019 09:41:34;1366;Defekte Ampelanlagen oder Verkehrsschilder;Behoben
24.04.2019 12:33:47;1367;Sonstige Mängel;Abgelehnt
24.04.2019 18:13:51;1368;Sonstige Mängel;Behoben
24.04.2019 19:11:34;1369;Parkverstöße;Behoben
25.04.2019 08:15:20;1370;Parkverstöße;Behoben
25.04.2019 15:54:35;1371;Parkverstöße;Behoben
25.04.2019 17:10:47;1372;Parkverstöße;Behoben
25.04.2019 17:15:26;1373;Sonstige Mängel;Behoben
25.04.2019 22:06:20;1374;Defekte Straßenbeleuchtung;Behoben
26.04.2019 07:29:55;1375;Parkverstöße;Behoben
26.04.2019 17:50:49;1376;Illegale Müllablagerung, Ansammlung von Unrat;Abgelehnt
26.04.2019 17:51:28;1377;Illegale Müllablagerung, Ansammlung von Unrat;Behoben
26.04.2019 21:54:56;1378;Lärm- oder Geruchsbelästigung;Abgelehnt
27.04.2019 09:08:41;1379;Defekte Ampelanlagen oder Verkehrsschilder;In Bearbeitung
27.04.2019 09:19:18;1380;Sonstige Mängel;Behoben
27.04.2019 10:14:59;1381;Sonstige Mängel;Behoben
27.04.2019 11:30:20;1382;Illegale Müllablagerung, Ansammlung von Unrat;Abgelehnt
27.04.2019 12:15:59;1383;Sonstige Mängel;In Bearbeitung
27.04.2019 18:52:11;1384;Mülltonnen nicht geleert oder verschwunden;Abgelehnt
28.04.2019 04:17:25;1385;Lärm- oder Geruchsbelästigung;Behoben
28.04.2019 08:10:07;1386;Sonstige Mängel;Behoben
28.04.2019 10:38:48;1387;Sonstige Mängel;Behoben
28.04.2019 14:53:00;1388;Parkverstöße;Behoben
28.04.2019 15:32:51;1389;Sonstige Mängel;Behoben
29.04.2019 05:19:39;1390;Parkverstöße;Behoben
29.04.2019 09:27:30;1391;Illegale Müllablagerung, Ansammlung von Unrat;Behoben
29.04.2019 09:30:27;1392;Abgestellte Autos ohne Kennzeichen;Behoben
29.04.2019 09:42:30;1393;Defekte Ampelanlagen oder Verkehrsschilder;Gemeldet
29.04.2019 10:55:35;1394;Illegale Müllablagerung, Ansammlung von Unrat;Behoben
29.04.2019 12:29:46;1395;Illegale Müllablagerung, Ansammlung von Unrat;Behoben
29.04.2019 15:37:42;1396;Parkverstöße;Behoben
30.04.2019 19:31:44;1397;Parkverstöße;Behoben
30.04.2019 19:36:47;1398;Illegale Müllablagerung, Ansammlung von Unrat;Abgelehnt
01.05.2019 07:59:04;1399;Illegale Müllablagerung, Ansammlung von Unrat;Behoben
01.05.2019 11:43:02;1400;Probleme mit Tieren (zum Beispiel Wespen, Hornissen, Hunde);Abgelehnt
01.05.2019 11:47:28;1401;Parkverstöße;Behoben
01.05.2019 12:13:51;1402;Probleme mit Tieren (zum Beispiel Wespen, Hornissen, Hunde);In Bearbeitung
01.05.2019 16:34:26;1403;Parkverstöße;Behoben
01.05.2019 19:04:22;1404;Parkverstöße;Behoben
01.05.2019 19:07:42;1405;Parkverstöße;Behoben
01.05.2019 19:29:02;1406;Illegale Müllablagerung, Ansammlung von Unrat;Behoben
01.05.2019 19:32:26;1407;Illegale Müllablagerung, Ansammlung von Unrat;Behoben
02.05.2019 08:18:35;1408;Parkverstöße;Behoben
02.05.2019 08:21:51;1409;Parkverstöße;Behoben
02.05.2019 08:35:32;1410;Parkverstöße;Behoben
02.05.2019 08:38:30;1411;Sonstige Mängel;Behoben
02.05.2019 08:40:06;1412;Illegale Müllablagerung, Ansammlung von Unrat;Abgelehnt
02.05.2019 09:02:01;1413;Illegale Müllablagerung, Ansammlung von Unrat;Behoben
02.05.2019 11:37:45;1414;Parkverstöße;Behoben
02.05.2019 14:58:08;1415;Illegale Müllablagerung, Ansammlung von Unrat;Behoben
03.05.2019 08:00:37;1416;Parkverstöße;Behoben
03.05.2019 08:08:25;1417;Parkverstöße;Behoben
03.05.2019 10:01:18;1418;Illegale Müllablagerung, Ansammlung von Unrat;Behoben
03.05.2019 14:32:54;1419;Parkverstöße;Behoben
03.05.2019 15:38:37;1420;Parkverstöße;Behoben
03.05.2019 18:29:33;1421;Parkverstöße;Behoben
03.05.2019 22:13:26;1422;Defekte Ampelanlagen oder Verkehrsschilder;In Bearbeitung
03.05.2019 22:17:35;1423;Parkverstöße;Behoben
04.05.2019 08:27:33;1424;Parkverstöße;Behoben
04.05.2019 09:21:16;1425;Parkverstöße;Behoben
04.05.2019 10:47:48;1426;Illegale Müllablagerung, Ansammlung von Unrat;Behoben
04.05.2019 12:11:52;1427;Illegale Müllablagerung, Ansammlung von Unrat;In Bearbeitung
04.05.2019 12:16:53;1428;Parkverstöße;Behoben
05.05.2019 00:33:47;1429;Lärm- oder Geruchsbelästigung;Behoben
05.05.2019 10:46:57;1430;Parkverstöße;Behoben
05.05.2019 11:16:51;1431;Parkverstöße;Behoben
05.05.2019 12:00:27;1432;Illegale Müllablagerung, Ansammlung von Unrat;Abgelehnt
05.05.2019 12:03:41;1433;Parkverstöße;Abgelehnt
05.05.2019 16:55:04;1434;Parkverstöße;Behoben
05.05.2019 18:39:35;1435;Sonstige Mängel;Behoben
05.05.2019 19:01:09;1436;Parkverstöße;Abgelehnt
05.05.2019 19:03:15;1437;Illegale Müllablagerung, Ansammlung von Unrat;Behoben
05.05.2019 19:03:56;1438;Sonstige Mängel;Behoben
05.05.2019 19:56:07;1439;Parkverstöße;Behoben
05.05.2019 21:10:45;1440;Parkverstöße;Behoben
06.05.2019 07:15:05;1441;Parkverstöße;Behoben
06.05.2019 09:15:18;1442;Sonstige Mängel;Behoben
06.05.2019 10:49:38;1443;Illegale Müllablagerung, Ansammlung von Unrat;Behoben
06.05.2019 10:49:50;1444;Illegale Müllablagerung, Ansammlung von Unrat;Behoben
06.05.2019 11:20:49;1445;Illegale Müllablagerung, Ansammlung von Unrat;Behoben
06.05.2019 12:37:15;1446;Illegale Müllablagerung, Ansammlung von Unrat;Behoben
06.05.2019 17:23:48;1447;Parkverstöße;Behoben
06.05.2019 18:28:31;1448;Parkverstöße;Behoben
07.05.2019 05:56:41;1449;Parkverstöße;Behoben
07.05.2019 06:20:39;1450;Illegale Müllablagerung, Ansammlung von Unrat;Abgelehnt
07.05.2019 07:08:56;1451;Parkverstöße;Behoben
07.05.2019 07:13:21;1452;Illegale Müllablagerung, Ansammlung von Unrat;In Bearbeitung
07.05.2019 07:14:17;1453;Parkverstöße;Behoben
07.05.2019 08:55:45;1454;Illegale Müllablagerung, Ansammlung von Unrat;Behoben
07.05.2019 08:58:26;1455;Illegale Müllablagerung, Ansammlung von Unrat;Behoben
07.05.2019 12:46:06;1456;Illegale Müllablagerung, Ansammlung von Unrat;Behoben
07.05.2019 13:46:53;1457;Abgestellte Autos ohne Kennzeichen;Behoben
07.05.2019 14:28:15;1458;Parkverstöße;Behoben
07.05.2019 18:04:12;1459;Illegale Müllablagerung, Ansammlung von Unrat;Behoben
07.05.2019 19:53:33;1460;Parkverstöße;Behoben
07.05.2019 20:09:47;1461;Parkverstöße;Behoben
07.05.2019 20:45:28;1462;Straßenschäden;In Bearbeitung
08.05.2019 01:39:43;1463;Defekte Straßenbeleuchtung;Behoben
08.05.2019 07:15:31;1464;Parkverstöße;Behoben
08.05.2019 10:29:50;1465;Sonstige Mängel;In Bearbeitung
08.05.2019 13:39:49;1466;Parkverstöße;Behoben
08.05.2019 17:39:59;1467;Abgestellte Autos ohne Kennzeichen;Behoben
08.05.2019 18:14:25;1468;Parkverstöße;Behoben
09.05.2019 08:40:05;1469;Sonstige Mängel;In Bearbeitung
09.05.2019 08:44:48;1470;Probleme mit Tieren (zum Beispiel Wespen, Hornissen, Hunde);Behoben
09.05.2019 11:17:07;1471;Sonstige Mängel;In Bearbeitung
09.05.2019 14:31:16;1472;Parkverstöße;Behoben
10.05.2019 10:41:40;1473;Illegale Müllablagerung, Ansammlung von Unrat;Abgelehnt
